Location_ID,SITE NAME,SITE TYPE,POPULATION,MACRO CELL,SMALL CELL,PROXIMITY TO CELL,PROVIDER,LATITUDE,LONGITUDE,SA2_Code,SA2_Name,Nearest_Site_km,Nearest_Telstra_km,Nearest_Optus_km,Nearest_TPG_km,Sites_within_10km,Sites_within_25km,Sites_within_50km,Operators_within_50km,Operator_Names_50km,LTE_site_within_50km,5G_site_within_50km,SA2_4G_premises_indicator,SA2_5G_premises_indicator,SA2_4G_5G_premises_indicator,SA2_4G_area_indicator,SA2_5G_area_indicator,SA2_4G_5G_area_indicator,SA2_NBN_fixed_line_premises_indicator,SA2_NBN_fixed_wireless_premises_indicator,SA2_NBN_satellite_premises_indicator,SA2_NBN_fixed_premises_indicator,SA2_SIP_premises_indicator,SA2_total_area,SA2_LGA_unincorporated_name,SA2_LGA_unincoporated_code,Source_Year_Infrastructure,SA2_Indicator_Level,Infrastructure_Distance_Interpretation,SA2_Indicator_Interpretation,Missing_Core_Fields,QA_Status,Data_Confidence,Infrastructure_Gap,Mobile_Gap,FiveG_Gap,Broadband_Gap,Overall_Connectivity_Gap,Gap_Level,Data_Confidence_Score,Evidence_Spread,Evidence_Agreement
NTLOC_001,ADELAIDE RIVER,VILLAGE,317.0,YES,,,OPTUS/TELSTRA,-13.2378,131.104729999999,702031057,Alligator,0.86,0.86,0.89,0.89,1,3,13,3,"Optus, TPG, Telstra",YES,YES,63,34,97,55,0,56,21,11,68,32,0,33100.0902,Unincorporated NT,79399,2025,SA2 regional context,Infrastructure proximity only; not proof of service quality,Regional SA2 indicator; not direct community measurement,0,PASS,High,28.0,21.5,45.3,8.6,26.0,Lower Relative Gap,100.0,36.7,Mixed Agreement
NTLOC_002,AILERON STATION,HIGHWAY,,,,YES,OPTUS/TELSTRA,-22.5,133.245,702011054,Yuendumu - Anmatjere,18.86,18.86,19.12,144.63,0,2,4,2,"Optus, Telstra",YES,NO,87,0,87,11,0,11,0,0,100,0,0,71891.72063,0,0,2025,SA2 regional context,Infrastructure proximity only; not proof of service quality,Regional SA2 indicator; not direct community measurement,0,PASS,High,63.8,22.9,59.7,57.7,51.5,High Relative Gap,100.0,40.9,Low Agreement
NTLOC_003,ALAMIRRA,COMMUNITY,5.0,,,YES,TELSTRA,-11.067,132.528,702031061,West Arnhem,10.3,10.3,158.27,181.28,0,1,1,1,Telstra,YES,NO,21,53,73,9,0,9,0,0,100,0,0,33500.39124,0,0,2025,SA2 regional context,Infrastructure proximity only; not proof of service quality,Regional SA2 indicator; not direct community measurement,0,PASS,High,79.3,72.7,33.5,57.7,64.2,Highest Relative Gap,100.0,45.8,Low Agreement
NTLOC_004,ALI CURUNG,COMMUNITY,394.0,YES,,,TELSTRA,-21.0033299999999,134.406939999999,702021055,Barkly,0.09,0.09,29.12,152.83,1,1,3,2,"Optus, Telstra",YES,NO,62,0,62,5,0,5,0,0,100,0,0,303168.2036,0,0,2025,SA2 regional context,Infrastructure proximity only; not proof of service quality,Regional SA2 indicator; not direct community measurement,0,PASS,High,39.4,77.8,59.7,57.7,56.7,High Relative Gap,100.0,38.4,Mixed Agreement
NTLOC_005,ALPURRURULAM,COMMUNITY,350.0,YES,,,TELSTRA,-20.9841699999999,137.847489999999,702021055,Barkly,0.33,0.33,144.04,410.04,1,1,1,1,Telstra,YES,NO,62,0,62,5,0,5,0,0,100,0,0,303168.2036,0,0,2025,SA2 regional context,Infrastructure proximity only; not proof of service quality,Regional SA2 indicator; not direct community measurement,0,PASS,High,58.0,77.8,59.7,57.7,63.2,Highest Relative Gap,100.0,20.1,Mixed Agreement
NTLOC_006,AMOONGUNA,COMMUNITY,229.0,,,YES,OPTUS/TELSTRA,-23.76632,133.93599,702011052,Sandover - Plenty,5.18,5.2,5.18,5.18,10,18,20,3,"Optus, TPG, Telstra",YES,YES,70,0,70,10,0,10,0,0,100,0,0,129517.369,0,0,2025,SA2 regional context,Infrastructure proximity only; not proof of service quality,Regional SA2 indicator; not direct community measurement,0,PASS,High,32.2,36.5,59.7,57.7,43.9,Lower Relative Gap,100.0,27.5,Mixed Agreement
NTLOC_007,AMPILATWATJA,COMMUNITY,439.0,YES,,,TELSTRA,-21.6566399999999,135.225089999999,702011052,Sandover - Plenty,0.25,0.25,138.8,248.55,1,1,1,1,Telstra,YES,NO,70,0,70,10,0,10,0,0,100,0,0,129517.369,0,0,2025,SA2 regional context,Infrastructure proximity only; not proof of service quality,Regional SA2 indicator; not direct community measurement,0,PASS,High,56.7,36.5,59.7,57.7,52.4,High Relative Gap,100.0,23.2,Mixed Agreement
NTLOC_008,ANGATYEPE,COMMUNITY,13.0,,,YES,TELSTRA,-23.745,133.7275,702011052,Sandover - Plenty,8.95,8.95,12.71,12.71,1,18,20,3,"Optus, TPG, Telstra",YES,YES,70,0,70,10,0,10,0,0,100,0,0,129517.369,0,0,2025,SA2 regional context,Infrastructure proximity only; not proof of service quality,Regional SA2 indicator; not direct community measurement,0,PASS,High,36.2,36.5,59.7,57.7,45.3,Lower Relative Gap,100.0,23.5,Mixed Agreement
NTLOC_009,ANGURUGU,COMMUNITY,883.0,YES,,,TELSTRA,-13.9822399999999,136.460569999999,702041062,Anindilyakwa,2.09,2.09,203.16,203.16,1,3,5,1,Telstra,YES,YES,34,64,98,33,0,34,0,0,100,0,0,2609.039389,Unincorporated NT,79399,2025,SA2 regional context,Infrastructure proximity only; not proof of service quality,Regional SA2 indicator; not direct community measurement,0,PASS,High,51.1,41.9,31.8,57.7,46.3,Moderate Relative Gap,100.0,25.9,Mixed Agreement
NTLOC_010,ARLPARRA,COMMUNITY,59.0,YES,,,TELSTRA,-22.0877899999999,134.77476,702011052,Sandover - Plenty,0.16,0.16,110.38,199.05,1,1,1,1,Telstra,YES,YES,70,0,70,10,0,10,0,0,100,0,0,129517.369,0,0,2025,SA2 regional context,Infrastructure proximity only; not proof of service quality,Regional SA2 indicator; not direct community measurement,0,PASS,High,53.8,36.5,59.7,57.7,51.4,High Relative Gap,100.0,23.2,Mixed Agreement
NTLOC_011,ARMORRAN,COMMUNITY,8.0,,,YES,TELSTRA,-11.75575,133.38142,702031061,West Arnhem,11.98,11.98,87.63,117.71,0,1,1,1,Telstra,YES,NO,21,53,73,9,0,9,0,0,100,0,0,33500.39124,0,0,2025,SA2 regional context,Infrastructure proximity only; not proof of service quality,Regional SA2 indicator; not direct community measurement,0,PASS,High,81.4,72.7,33.5,57.7,64.9,Highest Relative Gap,100.0,47.9,Low Agreement
NTLOC_012,ARRILLHJERE,COMMUNITY,5.0,,,YES,TELSTRA,-23.77981,133.62608,702011052,Sandover - Plenty,17.14,17.14,23.72,23.72,0,8,20,3,"Optus, TPG, Telstra",YES,YES,70,0,70,10,0,10,0,0,100,0,0,129517.369,0,0,2025,SA2 regional context,Infrastructure proximity only; not proof of service quality,Regional SA2 indicator; not direct community measurement,0,PASS,High,44.6,36.5,59.7,57.7,48.2,Moderate Relative Gap,100.0,23.2,Mixed Agreement
NTLOC_013,ATNARARA,COMMUNITY,53.0,,,YES,TELSTRA,-22.02622,134.78721,702011052,Sandover - Plenty,6.84,6.84,107.81,205.72,1,1,1,1,Telstra,YES,YES,70,0,70,10,0,10,0,0,100,0,0,129517.369,0,0,2025,SA2 regional context,Infrastructure proximity only; not proof of service quality,Regional SA2 indicator; not direct community measurement,0,PASS,High,76.3,36.5,59.7,57.7,59.3,Highest Relative Gap,100.0,39.8,Mixed Agreement
NTLOC_014,ATITJERE,COMMUNITY,157.0,YES,,,TELSTRA,-22.9843,134.9341,702011052,Sandover - Plenty,1.1,1.1,58.21,132.65,1,1,2,1,Telstra,YES,NO,70,0,70,10,0,10,0,0,100,0,0,129517.369,0,0,2025,SA2 regional context,Infrastructure proximity only; not proof of service quality,Regional SA2 indicator; not direct community measurement,0,PASS,High,64.6,36.5,59.7,57.7,55.2,High Relative Gap,100.0,28.1,Mixed Agreement
NTLOC_015,AURORA KAKADU,TOURISM,,,,YES,OPTUS,-12.676,132.48,702031057,Alligator,0.08,0.08,38.46,38.46,2,2,7,3,"Optus, TPG, Telstra",YES,YES,63,34,97,55,0,56,21,11,68,32,0,33100.0902,Unincorporated NT,79399,2025,SA2 regional context,Infrastructure proximity only; not proof of service quality,Regional SA2 indicator; not direct community measurement,0,PASS,High,20.3,21.5,45.3,8.6,23.3,Lower Relative Gap,100.0,36.7,Mixed Agreement
NTLOC_016,BARDALUMBA,COMMUNITY,11.0,,,YES,TELSTRA,-13.82445,136.4489,702041062,Anindilyakwa,2.99,2.99,186.13,186.13,2,3,5,1,Telstra,YES,YES,34,64,98,33,0,34,0,0,100,0,0,2609.039389,Unincorporated NT,79399,2025,SA2 regional context,Infrastructure proximity only; not proof of service quality,Regional SA2 indicator; not direct community measurement,0,PASS,High,53.0,41.9,31.8,57.7,46.9,Moderate Relative Gap,100.0,25.9,Mixed Agreement
NTLOC_017,BARUNGA,COMMUNITY,337.0,YES,,,TELSTRA,-14.5236299999999,132.86668,702051065,Elsey,0.52,0.52,48.99,62.1,1,1,4,2,"Optus, Telstra",YES,YES,35,39,74,12,0,12,0,0,100,0,0,92957.74691,0,0,2025,SA2 regional context,Infrastructure proximity only; not proof of service quality,Regional SA2 indicator; not direct community measurement,0,PASS,High,50.0,53.2,38.5,57.7,50.0,Moderate Relative Gap,100.0,19.2,High Agreement
NTLOC_018,BARROW CREEK,HIGHWAY,,YES,YES,,OPTUS/TELSTRA,-21.531,133.889,702021055,Barkly,0.05,0.1,0.05,211.95,2,3,4,2,"Optus, Telstra",YES,YES,62,0,62,5,0,5,0,0,100,0,0,303168.2036,0,0,2025,SA2 regional context,Infrastructure proximity only; not proof of service quality,Regional SA2 indicator; not direct community measurement,0,PASS,High,20.9,77.8,59.7,57.7,50.2,High Relative Gap,100.0,56.9,Low Agreement
NTLOC_019,BATCHELOR,VILLAGE,396.0,YES,,,OPTUS/TELSTRA,-13.0462899999999,131.028829999999,702031057,Alligator,0.19,0.19,1.78,1.78,3,6,19,3,"Optus, TPG, Telstra",YES,YES,63,34,97,55,0,56,21,11,68,32,0,33100.0902,Unincorporated NT,79399,2025,SA2 regional context,Infrastructure proximity only; not proof of service quality,Regional SA2 indicator; not direct community measurement,0,PASS,High,15.0,21.5,45.3,8.6,21.4,Lower Relative Gap,100.0,36.7,Mixed Agreement
NTLOC_020,BELYUEN,COMMUNITY,150.0,YES,,,TELSTRA,-12.5386,130.6999,702031057,Alligator,0.24,0.24,12.03,12.03,1,44,112,3,"Optus, TPG, Telstra",YES,YES,63,34,97,55,0,56,21,11,68,32,0,33100.0902,Unincorporated NT,79399,2025,SA2 regional context,Infrastructure proximity only; not proof of service quality,Regional SA2 indicator; not direct community measurement,0,PASS,High,13.5,21.5,45.3,8.6,20.9,Lower Relative Gap,100.0,36.7,Mixed Agreement
NTLOC_021,BESWICK,COMMUNITY,542.0,YES,,,TELSTRA,-14.5548,133.1142,702051065,Elsey,0.23,0.23,40.7,88.97,1,1,7,2,"Optus, Telstra",YES,YES,35,39,74,12,0,12,0,0,100,0,0,92957.74691,0,0,2025,SA2 regional context,Infrastructure proximity only; not proof of service quality,Regional SA2 indicator; not direct community measurement,0,PASS,High,44.9,53.2,38.5,57.7,48.3,Moderate Relative Gap,100.0,19.2,High Agreement
NTLOC_022,BINJARI,COMMUNITY,240.0,,,YES,OPTUS/TELSTRA,-14.5502,132.1815,702051067,Katherine,4.04,4.04,4.04,4.04,1,10,12,3,"Optus, TPG, Telstra",YES,YES,7,92,99,36,5,41,82,0,18,82,0,7416.803858,0,0,2025,SA2 regional context,Infrastructure proximity only; not proof of service quality,Regional SA2 indicator; not direct community measurement,0,PASS,High,31.4,43.9,0.7,16.4,25.4,Lower Relative Gap,100.0,43.2,Low Agreement
NTLOC_023,BLACKWATER,COMMUNITY,30.0,,,YES,TELSTRA,-23.26181,131.89688,702011053,Tanami,8.34,8.34,72.54,204.07,1,1,1,1,Telstra,YES,NO,68,0,68,6,0,6,0,0,100,0,0,192618.7124,0,0,2025,SA2 regional context,Infrastructure proximity only; not proof of service quality,Regional SA2 indicator; not direct community measurement,0,PASS,High,77.2,61.5,59.7,57.7,65.9,Highest Relative Gap,100.0,19.5,High Agreement
NTLOC_024,BODIA,COMMUNITY,29.0,,,YES,TELSTRA,-12.07688,134.89628,702041063,East Arnhem,5.26,5.26,204.77,204.77,1,1,2,1,Telstra,YES,YES,49,35,85,15,0,15,24,0,76,24,0,30987.39899,Unincorporated NT,79399,2025,SA2 regional context,Infrastructure proximity only; not proof of service quality,Regional SA2 indicator; not direct community measurement,0,PASS,High,73.5,39.0,41.6,22.7,48.3,Moderate Relative Gap,100.0,50.8,Low Agreement
NTLOC_025,BORROLOOLA,COMMUNITY,755.0,YES,,,TELSTRA,-16.0676,136.3069,702051066,Gulf,1.56,1.56,92.32,435.09,1,1,2,1,Telstra,YES,NO,77,0,77,4,0,4,0,0,100,0,0,92279.90175,0,0,2025,SA2 regional context,Infrastructure proximity only; not proof of service quality,Regional SA2 indicator; not direct community measurement,0,PASS,High,66.3,62.4,59.7,57.7,62.3,Highest Relative Gap,100.0,8.6,High Agreement
NTLOC_026,BRUMBY PLAINS,COMMUNITY,5.0,,YES,,TELSTRA,-17.053,129.01,702051068,Victoria River,0.03,0.03,129.37,439.2,1,1,1,1,Telstra,YES,NO,47,10,57,8,0,8,0,0,100,0,0,133605.1763,0,0,2025,SA2 regional context,Infrastructure proximity only; not proof of service quality,Regional SA2 indicator; not direct community measurement,0,PASS,High,47.3,70.6,47.9,57.7,55.3,High Relative Gap,100.0,23.3,Mixed Agreement
NTLOC_027,BULLA,COMMUNITY,73.0,YES,,,TELSTRA,-15.765,130.039,702051068,Victoria River,0.26,0.26,99.84,266.43,1,1,3,1,Telstra,YES,YES,47,10,57,8,0,8,0,0,100,0,0,133605.1763,0,0,2025,SA2 regional context,Infrastructure proximity only; not proof of service quality,Regional SA2 indicator; not direct community measurement,0,PASS,High,57.2,70.6,47.9,57.7,58.8,Highest Relative Gap,100.0,22.7,Mixed Agreement
NTLOC_028,BULMAN,COMMUNITY,160.0,YES,,,TELSTRA,-13.6652899999999,134.333349999999,702051065,Elsey,1.11,1.11,186.86,196.46,1,1,1,1,Telstra,YES,NO,35,39,74,12,0,12,0,0,100,0,0,92957.74691,0,0,2025,SA2 regional context,Infrastructure proximity only; not proof of service quality,Regional SA2 indicator; not direct community measurement,0,PASS,High,64.8,53.2,38.5,57.7,55.2,High Relative Gap,100.0,26.3,Mixed Agreement
NTLOC_029,BUNHANURA,COMMUNITY,7.0,,,YES,TELSTRA,-12.37449,135.72221,702041063,East Arnhem,16.83,16.83,116.59,116.59,0,1,2,1,Telstra,YES,YES,49,35,85,15,0,15,24,0,76,24,0,30987.39899,Unincorporated NT,79399,2025,SA2 regional context,Infrastructure proximity only; not proof of service quality,Regional SA2 indicator; not direct community measurement,0,PASS,High,84.6,39.0,41.6,22.7,52.2,High Relative Gap,100.0,61.9,Low Agreement
NTLOC_030,COOINDA LODGE,TOURISM,,YES,,,TELSTRA,-12.905,132.522,702031057,Alligator,0.13,0.13,42.82,42.82,2,3,6,3,"Optus, TPG, Telstra",YES,YES,63,34,97,55,0,56,21,11,68,32,0,33100.0902,Unincorporated NT,79399,2025,SA2 regional context,Infrastructure proximity only; not proof of service quality,Regional SA2 indicator; not direct community measurement,0,PASS,High,16.9,21.5,45.3,8.6,22.1,Lower Relative Gap,100.0,36.7,Mixed Agreement
NTLOC_031,CURTAIN SPRINGS ROADHOUSE,HIGHWAY,,,YES,,OPTUS/TELSTRA,-25.314,131.756,702011050,Petermann - Simpson,0.08,0.28,0.08,78.02,2,2,2,2,"Optus, Telstra",YES,NO,48,44,92,6,0,6,0,0,100,0,0,175250.7099,Unincorporated NT,79399,2025,SA2 regional context,Infrastructure proximity only; not proof of service quality,Regional SA2 indicator; not direct community measurement,0,PASS,High,28.6,76.2,36.0,57.7,47.8,Moderate Relative Gap,100.0,47.6,Low Agreement
NTLOC_032,DAGURAGU,COMMUNITY,195.0,,,YES,TELSTRA,-17.4005899999999,130.80491,702051068,Victoria River,5.3,5.3,103.03,351.51,1,1,1,1,Telstra,YES,NO,47,10,57,8,0,8,0,0,100,0,0,133605.1763,0,0,2025,SA2 regional context,Infrastructure proximity only; not proof of service quality,Regional SA2 indicator; not direct community measurement,0,PASS,High,73.8,70.6,47.9,57.7,64.6,Highest Relative Gap,100.0,25.9,Mixed Agreement
NTLOC_033,DALY WATERS,VILLAGE,,YES,YES,,OPTUS/TELSTRA,-16.2533299999999,133.36932,702051065,Elsey,6.23,6.23,6.27,231.56,2,2,3,2,"Optus, Telstra",YES,YES,35,39,74,12,0,12,0,0,100,0,0,92957.74691,0,0,2025,SA2 regional context,Infrastructure proximity only; not proof of service quality,Regional SA2 indicator; not direct community measurement,0,PASS,High,53.8,53.2,38.5,57.7,51.4,High Relative Gap,100.0,19.2,High Agreement
NTLOC_034,DEVILS MARBLES HOTEL,TOURISM,,,YES,,OPTUS,-20.641,134.223,702021055,Barkly,0.03,0.03,0.03,110.83,1,3,4,2,"Optus, Telstra",YES,NO,62,0,62,5,0,5,0,0,100,0,0,303168.2036,0,0,2025,SA2 regional context,Infrastructure proximity only; not proof of service quality,Regional SA2 indicator; not direct community measurement,0,PASS,High,20.1,77.8,59.7,57.7,50.0,Moderate Relative Gap,100.0,57.7,Low Agreement
NTLOC_035,DHAMBALA,COMMUNITY,9.0,,,YES,TELSTRA,-12.0526,135.5609,702041063,East Arnhem,3.12,3.12,132.97,132.97,1,1,1,1,Telstra,YES,YES,49,35,85,15,0,15,24,0,76,24,0,30987.39899,Unincorporated NT,79399,2025,SA2 regional context,Infrastructure proximity only; not proof of service quality,Regional SA2 indicator; not direct community measurement,0,PASS,High,69.5,39.0,41.6,22.7,46.9,Moderate Relative Gap,100.0,46.8,Low Agreement
NTLOC_036,DHIPIRRINJURA,COMMUNITY,30.0,,,YES,TELSTRA,-12.24806,135.09757,702041063,East Arnhem,20.63,20.63,182.65,182.65,0,2,2,1,Telstra,YES,YES,49,35,85,15,0,15,24,0,76,24,0,30987.39899,Unincorporated NT,79399,2025,SA2 regional context,Infrastructure proximity only; not proof of service quality,Regional SA2 indicator; not direct community measurement,0,PASS,High,75.4,39.0,41.6,22.7,49.0,Moderate Relative Gap,100.0,52.7,Low Agreement
NTLOC_037,DHUDUPU,COMMUNITY,12.0,,,YES,TELSTRA,-12.0033,135.5692,702041063,East Arnhem,2.44,2.44,132.79,132.79,1,1,1,1,Telstra,YES,YES,49,35,85,15,0,15,24,0,76,24,0,30987.39899,Unincorporated NT,79399,2025,SA2 regional context,Infrastructure proximity only; not proof of service quality,Regional SA2 indicator; not direct community measurement,0,PASS,High,68.2,39.0,41.6,22.7,46.5,Moderate Relative Gap,100.0,45.5,Low Agreement
NTLOC_038,DJIRRBIYAK,COMMUNITY,30.0,,,YES,OPTUS/TELSTRA,-12.729,132.764,702031057,Alligator,10.11,10.11,10.11,10.11,0,2,8,3,"Optus, TPG, Telstra",YES,YES,63,34,97,55,0,56,21,11,68,32,0,33100.0902,Unincorporated NT,79399,2025,SA2 regional context,Infrastructure proximity only; not proof of service quality,Regional SA2 indicator; not direct community measurement,0,PASS,High,49.1,21.5,45.3,8.6,33.3,Lower Relative Gap,100.0,40.5,Low Agreement
NTLOC_039,DONS BORE,COMMUNITY,8.0,,,YES,TELSTRA,-22.26233,131.92027,702011054,Yuendumu - Anmatjere,12.56,12.56,152.52,253.15,0,1,2,1,Telstra,YES,NO,87,0,87,11,0,11,0,0,100,0,0,71891.72063,0,0,2025,SA2 regional context,Infrastructure proximity only; not proof of service quality,Regional SA2 indicator; not direct community measurement,0,PASS,High,82.3,22.9,59.7,57.7,58.0,Highest Relative Gap,100.0,59.4,Low Agreement
NTLOC_040,DUNMARRA ROADHOUSE,HIGHWAY,,,YES,,OPTUS/TELSTRA,-16.679,133.412,702051065,Elsey,0.13,0.13,0.1,274.94,1,1,4,2,"Optus, Telstra",YES,YES,35,39,74,12,0,12,0,0,100,0,0,92957.74691,0,0,2025,SA2 regional context,Infrastructure proximity only; not proof of service quality,Regional SA2 indicator; not direct community measurement,0,PASS,High,41.2,53.2,38.5,57.7,47.0,Moderate Relative Gap,100.0,19.2,High Agreement
NTLOC_041,EIGHT MILE,COMMUNITY,6.0,,,YES,TELSTRA,-23.886,132.682,702011053,Tanami,11.48,11.48,19.82,119.76,0,3,7,2,"Optus, Telstra",YES,YES,68,0,68,6,0,6,0,0,100,0,0,192618.7124,0,0,2025,SA2 regional context,Infrastructure proximity only; not proof of service quality,Regional SA2 indicator; not direct community measurement,0,PASS,High,53.6,61.5,59.7,57.7,57.6,Highest Relative Gap,100.0,7.9,High Agreement
NTLOC_042,ELITJIA,COMMUNITY,13.0,,,YES,OPTUS/TELSTRA,-23.77677,133.61583,702011052,Sandover - Plenty,16.04,16.04,24.56,24.56,0,4,20,3,"Optus, TPG, Telstra",YES,YES,70,0,70,10,0,10,0,0,100,0,0,129517.369,0,0,2025,SA2 regional context,Infrastructure proximity only; not proof of service quality,Regional SA2 indicator; not direct community measurement,0,PASS,High,46.4,36.5,59.7,57.7,48.8,Moderate Relative Gap,100.0,23.2,Mixed Agreement
NTLOC_043,ELLIOTT,VILLAGE,244.0,YES,YES,,OPTUS/TELSTRA,-17.5527,133.5408,702021055,Barkly,0.46,0.46,0.82,242.31,2,3,3,2,"Optus, Telstra",YES,YES,62,0,62,5,0,5,0,0,100,0,0,303168.2036,0,0,2025,SA2 regional context,Infrastructure proximity only; not proof of service quality,Regional SA2 indicator; not direct community measurement,0,PASS,High,33.4,77.8,59.7,57.7,54.6,High Relative Gap,100.0,44.4,Low Agreement
NTLOC_044,ENGAWALA,COMMUNITY,146.0,,YES,,TELSTRA,-22.8025699999999,134.455469999999,702011052,Sandover - Plenty,0.15,0.15,28.67,113.73,1,2,4,2,"Optus, Telstra",YES,NO,70,0,70,10,0,10,0,0,100,0,0,129517.369,0,0,2025,SA2 regional context,Infrastructure proximity only; not proof of service quality,Regional SA2 indicator; not direct community measurement,0,PASS,High,31.6,36.5,59.7,57.7,43.7,Lower Relative Gap,100.0,28.1,Mixed Agreement
NTLOC_045,ERLDUNDA,HIGHWAY,,YES,YES,,OPTUS/TELSTRA,-25.197,133.2,702011050,Petermann - Simpson,0.1,0.21,0.1,170.67,2,2,2,2,"Optus, Telstra",YES,NO,48,44,92,6,0,6,0,0,100,0,0,175250.7099,Unincorporated NT,79399,2025,SA2 regional context,Infrastructure proximity only; not proof of service quality,Regional SA2 indicator; not direct community measurement,0,PASS,High,29.8,76.2,36.0,57.7,48.2,Moderate Relative Gap,100.0,46.4,Low Agreement
NTLOC_046,FIVE MILE,COMMUNITY,5.0,,,YES,TELSTRA,-23.91848,132.84834,702011053,Tanami,7.73,7.73,18.87,103.93,1,2,6,2,"Optus, Telstra",YES,YES,68,0,68,6,0,6,0,0,100,0,0,192618.7124,0,0,2025,SA2 regional context,Infrastructure proximity only; not proof of service quality,Regional SA2 indicator; not direct community measurement,0,PASS,High,55.3,61.5,59.7,57.7,58.2,Highest Relative Gap,100.0,6.2,High Agreement
NTLOC_047,FLORENCE FALLS,TOURISM,,,YES,,OPTUS,-13.109,130.793,702031057,Alligator,0.05,19.81,0.05,10.65,1,5,15,3,"Optus, TPG, Telstra",YES,YES,63,34,97,55,0,56,21,11,68,32,0,33100.0902,Unincorporated NT,79399,2025,SA2 regional context,Infrastructure proximity only; not proof of service quality,Regional SA2 indicator; not direct community measurement,0,PASS,High,9.2,21.5,45.3,8.6,19.4,Lower Relative Gap,100.0,36.7,Mixed Agreement
NTLOC_048,GALAWARRA,COMMUNITY,16.0,,,YES,TELSTRA,-12.0444,135.59373,702041063,East Arnhem,3.81,3.81,129.53,129.53,1,1,1,1,Telstra,YES,YES,49,35,85,15,0,15,24,0,76,24,0,30987.39899,Unincorporated NT,79399,2025,SA2 regional context,Infrastructure proximity only; not proof of service quality,Regional SA2 indicator; not direct community measurement,0,PASS,High,71.2,39.0,41.6,22.7,47.5,Moderate Relative Gap,100.0,48.5,Low Agreement
NTLOC_049,GALAWDJAPIN,COMMUNITY,12.0,,,YES,TELSTRA,-12.28695,134.81751,702041063,East Arnhem,12.69,12.69,202.53,213.25,0,2,2,1,Telstra,YES,YES,49,35,85,15,0,15,24,0,76,24,0,30987.39899,Unincorporated NT,79399,2025,SA2 regional context,Infrastructure proximity only; not proof of service quality,Regional SA2 indicator; not direct community measurement,0,PASS,High,72.2,39.0,41.6,22.7,47.9,Moderate Relative Gap,100.0,49.5,Low Agreement
NTLOC_050,GALIWINKU,COMMUNITY,2027.0,YES,,,TELSTRA,-12.0235,135.5664,702041063,East Arnhem,0.21,0.21,132.77,132.77,1,1,1,1,Telstra,YES,YES,49,35,85,15,0,15,24,0,76,24,0,30987.39899,Unincorporated NT,79399,2025,SA2 regional context,Infrastructure proximity only; not proof of service quality,Regional SA2 indicator; not direct community measurement,0,PASS,High,55.5,39.0,41.6,22.7,42.0,Lower Relative Gap,100.0,32.8,Mixed Agreement
NTLOC_051,GAPUWIYAK,COMMUNITY,645.0,YES,,,TELSTRA,-12.5032199999999,135.805869999999,702041063,East Arnhem,0.25,0.25,111.38,111.38,1,1,1,1,Telstra,YES,NO,49,35,85,15,0,15,24,0,76,24,0,30987.39899,Unincorporated NT,79399,2025,SA2 regional context,Infrastructure proximity only; not proof of service quality,Regional SA2 indicator; not direct community measurement,0,PASS,High,56.7,39.0,41.6,22.7,42.5,Lower Relative Gap,100.0,34.0,Mixed Agreement
NTLOC_052,GARANYDJIRR,COMMUNITY,6.0,,,YES,TELSTRA,-12.28204,135.02095,702041063,East Arnhem,11.49,11.49,191.15,191.15,0,2,2,1,Telstra,YES,YES,49,35,85,15,0,15,24,0,76,24,0,30987.39899,Unincorporated NT,79399,2025,SA2 regional context,Infrastructure proximity only; not proof of service quality,Regional SA2 indicator; not direct community measurement,0,PASS,High,70.7,39.0,41.6,22.7,47.4,Moderate Relative Gap,100.0,48.0,Low Agreement
NTLOC_053,GEM TREE PARK,TOURISM,,,YES,,OPTUS,-22.968,134.243,702011052,Sandover - Plenty,0.19,0.24,0.19,87.03,2,3,4,2,"Optus, Telstra",YES,NO,70,0,70,10,0,10,0,0,100,0,0,129517.369,0,0,2025,SA2 regional context,Infrastructure proximity only; not proof of service quality,Regional SA2 indicator; not direct community measurement,0,PASS,High,27.6,36.5,59.7,57.7,42.3,Lower Relative Gap,100.0,32.1,Mixed Agreement
NTLOC_054,GLEN HELEN HOMESTEAD,TOURISM,,,YES,,OPTUS,-23.685,132.672,702011053,Tanami,0.07,30.51,0.07,119.02,2,3,6,2,"Optus, Telstra",YES,NO,68,0,68,6,0,6,0,0,100,0,0,192618.7124,0,0,2025,SA2 regional context,Infrastructure proximity only; not proof of service quality,Regional SA2 indicator; not direct community measurement,0,PASS,High,22.1,61.5,59.7,57.7,46.6,Moderate Relative Gap,100.0,39.4,Mixed Agreement
NTLOC_055,GUNBALANYA,COMMUNITY,1008.0,YES,,,TELSTRA,-12.324,133.056,702031061,West Arnhem,0.07,0.07,15.57,45.32,1,3,5,3,"Optus, TPG, Telstra",YES,YES,21,53,73,9,0,9,0,0,100,0,0,33500.39124,0,0,2025,SA2 regional context,Infrastructure proximity only; not proof of service quality,Regional SA2 indicator; not direct community measurement,0,PASS,High,13.8,72.7,33.5,57.7,41.2,Lower Relative Gap,100.0,58.9,Low Agreement
NTLOC_056,GUNYANGARA,COMMUNITY,209.0,,,YES,OPTUS/TELSTRA,-12.21542,136.70569,702041063,East Arnhem,3.09,3.09,8.61,8.61,3,6,6,3,"Optus, TPG, Telstra",YES,NO,49,35,85,15,0,15,24,0,76,24,0,30987.39899,Unincorporated NT,79399,2025,SA2 regional context,Infrastructure proximity only; not proof of service quality,Regional SA2 indicator; not direct community measurement,0,PASS,High,29.5,39.0,41.6,22.7,32.9,Lower Relative Gap,100.0,18.9,High Agreement
NTLOC_057,GUTJANGAN,COMMUNITY,23.0,,,YES,TELSTRA,-12.0839,136.80857,702041063,East Arnhem,11.38,11.38,11.37,11.37,0,5,6,3,"Optus, TPG, Telstra",YES,NO,49,35,85,15,0,15,24,0,76,24,0,30987.39899,Unincorporated NT,79399,2025,SA2 regional context,Infrastructure proximity only; not proof of service quality,Regional SA2 indicator; not direct community measurement,0,PASS,High,41.6,39.0,41.6,22.7,37.2,Lower Relative Gap,100.0,18.9,High Agreement
NTLOC_058,HERMANNSBURG,COMMUNITY,491.0,YES,,,TELSTRA,-23.9427,132.7787,702011053,Tanami,0.2,0.2,13.22,111.44,1,2,7,2,"Optus, Telstra",YES,YES,68,0,68,6,0,6,0,0,100,0,0,192618.7124,0,0,2025,SA2 regional context,Infrastructure proximity only; not proof of service quality,Regional SA2 indicator; not direct community measurement,0,PASS,High,33.8,61.5,59.7,57.7,50.7,High Relative Gap,100.0,27.7,Mixed Agreement
NTLOC_059,HINGSTONS PLACE,COMMUNITY,7.0,,,YES,OPTUS/TELSTRA,-19.61773,134.19703,702021055,Barkly,3.32,3.32,3.34,3.34,4,5,5,3,"Optus, TPG, Telstra",YES,YES,62,0,62,5,0,5,0,0,100,0,0,303168.2036,0,0,2025,SA2 regional context,Infrastructure proximity only; not proof of service quality,Regional SA2 indicator; not direct community measurement,0,PASS,High,31.0,77.8,59.7,57.7,53.8,High Relative Gap,100.0,46.8,Low Agreement
NTLOC_060,HUNTERS CAMP,COMMUNITY,5.0,,,YES,OPTUS/TELSTRA,-12.65,132.829,702031057,Alligator,2.24,2.24,2.25,2.25,1,2,9,3,"Optus, TPG, Telstra",YES,YES,63,34,97,55,0,56,21,11,68,32,0,33100.0902,Unincorporated NT,79399,2025,SA2 regional context,Infrastructure proximity only; not proof of service quality,Regional SA2 indicator; not direct community measurement,0,PASS,High,38.0,21.5,45.3,8.6,29.5,Lower Relative Gap,100.0,36.7,Mixed Agreement
NTLOC_061,IMANPA,COMMUNITY,106.0,YES,,,TELSTRA,-25.1305099999999,132.569989999999,702011050,Petermann - Simpson,0.17,0.17,12.03,160.07,1,2,2,2,"Optus, Telstra",YES,NO,48,44,92,6,0,6,0,0,100,0,0,175250.7099,Unincorporated NT,79399,2025,SA2 regional context,Infrastructure proximity only; not proof of service quality,Regional SA2 indicator; not direct community measurement,0,PASS,High,32.8,76.2,36.0,57.7,49.3,Moderate Relative Gap,100.0,43.4,Low Agreement
NTLOC_062,IMPORTNA,COMMUNITY,5.0,,,YES,TELSTRA,-23.94048,132.74341,702011053,Tanami,3.4,3.4,12.88,114.87,1,2,7,2,"Optus, Telstra",YES,YES,68,0,68,6,0,6,0,0,100,0,0,192618.7124,0,0,2025,SA2 regional context,Infrastructure proximity only; not proof of service quality,Regional SA2 indicator; not direct community measurement,0,PASS,High,49.0,61.5,59.7,57.7,56.0,High Relative Gap,100.0,12.5,High Agreement
NTLOC_063,INBINA ATWATYE,COMMUNITY,10.0,,,YES,TELSTRA,-23.741,133.713,702011052,Sandover - Plenty,10.46,10.46,13.9,13.9,0,20,20,3,"Optus, TPG, Telstra",YES,YES,70,0,70,10,0,10,0,0,100,0,0,129517.369,0,0,2025,SA2 regional context,Infrastructure proximity only; not proof of service quality,Regional SA2 indicator; not direct community measurement,0,PASS,High,37.3,36.5,59.7,57.7,45.7,Moderate Relative Gap,100.0,23.2,Mixed Agreement
NTLOC_064,INKWELAYE,COMMUNITY,30.0,,,YES,TELSTRA,-22.07951,134.83153,702011052,Sandover - Plenty,5.79,5.79,114.79,202.65,1,1,1,1,Telstra,YES,YES,70,0,70,10,0,10,0,0,100,0,0,129517.369,0,0,2025,SA2 regional context,Infrastructure proximity only; not proof of service quality,Regional SA2 indicator; not direct community measurement,0,PASS,High,74.6,36.5,59.7,57.7,58.7,Highest Relative Gap,100.0,38.1,Mixed Agreement
NTLOC_065,IPALALA,COMMUNITY,6.0,,,YES,TELSTRA,-23.92556,132.67808,702011053,Tanami,10.2,10.2,15.83,120.98,0,2,7,2,"Optus, Telstra",YES,YES,68,0,68,6,0,6,0,0,100,0,0,192618.7124,0,0,2025,SA2 regional context,Infrastructure proximity only; not proof of service quality,Regional SA2 indicator; not direct community measurement,0,PASS,High,57.6,61.5,59.7,57.7,59.0,Highest Relative Gap,100.0,3.9,High Agreement
NTLOC_066,IRRILTYERE (A),COMMUNITY,7.0,,,YES,OPTUS/TELSTRA,-23.75129,133.69467,702011052,Sandover - Plenty,12.27,12.27,16.05,16.05,0,19,20,3,"Optus, TPG, Telstra",YES,YES,70,0,70,10,0,10,0,0,100,0,0,129517.369,0,0,2025,SA2 regional context,Infrastructure proximity only; not proof of service quality,Regional SA2 indicator; not direct community measurement,0,PASS,High,40.1,36.5,59.7,57.7,46.6,Moderate Relative Gap,100.0,23.2,Mixed Agreement
NTLOC_067,IRRILTYERE (B),COMMUNITY,8.0,,,YES,OPTUS/TELSTRA,-23.76105,133.68564,702011052,Sandover - Plenty,13.25,13.25,17.33,17.33,0,19,20,3,"Optus, TPG, Telstra",YES,YES,70,0,70,10,0,10,0,0,100,0,0,129517.369,0,0,2025,SA2 regional context,Infrastructure proximity only; not proof of service quality,Regional SA2 indicator; not direct community measurement,0,PASS,High,41.2,36.5,59.7,57.7,47.0,Moderate Relative Gap,100.0,23.2,Mixed Agreement
NTLOC_068,ITCHY KOO PARK,COMMUNITY,36.0,,,YES,OPTUS/TELSTRA,-23.76667,133.65816,702011052,Sandover - Plenty,16.1,16.1,20.14,20.14,0,17,20,3,"Optus, TPG, Telstra",YES,YES,70,0,70,10,0,10,0,0,100,0,0,129517.369,0,0,2025,SA2 regional context,Infrastructure proximity only; not proof of service quality,Regional SA2 indicator; not direct community measurement,0,PASS,High,43.5,36.5,59.7,57.7,47.8,Moderate Relative Gap,100.0,23.2,Mixed Agreement
NTLOC_069,ITEYEPINTYE,COMMUNITY,21.0,,,YES,TELSTRA,-23.76466,133.59994,702011052,Sandover - Plenty,14.05,14.05,25.65,25.65,0,3,20,3,"Optus, TPG, Telstra",YES,YES,70,0,70,10,0,10,0,0,100,0,0,129517.369,0,0,2025,SA2 regional context,Infrastructure proximity only; not proof of service quality,Regional SA2 indicator; not direct community measurement,0,PASS,High,47.6,36.5,59.7,57.7,49.3,Moderate Relative Gap,100.0,23.2,Mixed Agreement
NTLOC_070,ITPERLYENGE,COMMUNITY,11.0,,,YES,TELSTRA,-23.76361,133.61103,702011052,Sandover - Plenty,15.08,15.08,24.53,24.53,0,4,20,3,"Optus, TPG, Telstra",YES,YES,70,0,70,10,0,10,0,0,100,0,0,129517.369,0,0,2025,SA2 regional context,Infrastructure proximity only; not proof of service quality,Regional SA2 indicator; not direct community measurement,0,PASS,High,45.7,36.5,59.7,57.7,48.6,Moderate Relative Gap,100.0,23.2,Mixed Agreement
NTLOC_071,JEMELKE,COMMUNITY,8.0,,,YES,OPTUS/TELSTRA,-21.53389,133.87473,702021055,Barkly,1.54,1.6,1.54,212.49,2,3,4,2,"Optus, Telstra",YES,YES,62,0,62,5,0,5,0,0,100,0,0,303168.2036,0,0,2025,SA2 regional context,Infrastructure proximity only; not proof of service quality,Regional SA2 indicator; not direct community measurement,0,PASS,High,38.9,77.8,59.7,57.7,56.5,High Relative Gap,100.0,38.9,Mixed Agreement
NTLOC_072,JILKMINGGAN,COMMUNITY,254.0,,YES,,TELSTRA,-14.9530599999999,133.3,702051065,Elsey,0.02,0.02,8.55,121.86,2,2,5,2,"Optus, Telstra",YES,YES,35,39,74,12,0,12,0,0,100,0,0,92957.74691,0,0,2025,SA2 regional context,Infrastructure proximity only; not proof of service quality,Regional SA2 indicator; not direct community measurement,0,PASS,High,25.4,53.2,38.5,57.7,41.4,Lower Relative Gap,100.0,32.3,Mixed Agreement
NTLOC_073,KALKARINDJI,COMMUNITY,311.0,YES,,,TELSTRA,-17.4467499999999,130.83212,702051068,Victoria River,0.59,0.59,108.59,355.01,1,1,1,1,Telstra,YES,NO,47,10,57,8,0,8,0,0,100,0,0,133605.1763,0,0,2025,SA2 regional context,Infrastructure proximity only; not proof of service quality,Regional SA2 indicator; not direct community measurement,0,PASS,High,62.2,70.6,47.9,57.7,60.5,Highest Relative Gap,100.0,22.7,Mixed Agreement
NTLOC_074,KALTUKATJARA,COMMUNITY,195.0,YES,,,TELSTRA,-24.87611,129.07916,702011050,Petermann - Simpson,0.41,0.41,194.3,194.3,1,1,1,1,Telstra,YES,NO,48,44,92,6,0,6,0,0,100,0,0,175250.7099,Unincorporated NT,79399,2025,SA2 regional context,Infrastructure proximity only; not proof of service quality,Regional SA2 indicator; not direct community measurement,0,PASS,High,59.6,76.2,36.0,57.7,58.6,Highest Relative Gap,100.0,40.2,Low Agreement
NTLOC_075,KAPORILYA,COMMUNITY,5.0,,,YES,TELSTRA,-23.94,132.72,702011053,Tanami,5.78,5.78,13.08,117.17,1,2,7,2,"Optus, Telstra",YES,YES,68,0,68,6,0,6,0,0,100,0,0,192618.7124,0,0,2025,SA2 regional context,Infrastructure proximity only; not proof of service quality,Regional SA2 indicator; not direct community measurement,0,PASS,High,52.9,61.5,59.7,57.7,57.4,High Relative Gap,100.0,8.6,High Agreement
NTLOC_076,KINGS CANYON RESORT,TOURISM,,,YES,,OPTUS/TELSTRA,-24.248,131.512,702011050,Petermann - Simpson,0.34,0.5,0.34,118.04,2,2,4,2,"Optus, Telstra",YES,NO,48,44,92,6,0,6,0,0,100,0,0,175250.7099,Unincorporated NT,79399,2025,SA2 regional context,Infrastructure proximity only; not proof of service quality,Regional SA2 indicator; not direct community measurement,0,PASS,High,37.0,76.2,36.0,57.7,50.7,High Relative Gap,100.0,40.2,Low Agreement
NTLOC_077,KINGS CREEK STATION,TOURISM,,,YES,,OPTUS/TELSTRA,-24.405,131.817,702011050,Petermann - Simpson,0.1,2.22,0.1,121.86,2,2,4,2,"Optus, Telstra",YES,NO,48,44,92,6,0,6,0,0,100,0,0,175250.7099,Unincorporated NT,79399,2025,SA2 regional context,Infrastructure proximity only; not proof of service quality,Regional SA2 indicator; not direct community measurement,0,PASS,High,29.8,76.2,36.0,57.7,48.2,Moderate Relative Gap,100.0,46.4,Low Agreement
NTLOC_078,KINTORE,COMMUNITY,381.0,YES,,,TELSTRA,-23.27591,129.387249999999,702011053,Tanami,0.31,0.31,241.85,267.04,1,1,1,1,Telstra,YES,NO,68,0,68,6,0,6,0,0,100,0,0,192618.7124,0,0,2025,SA2 regional context,Infrastructure proximity only; not proof of service quality,Regional SA2 indicator; not direct community measurement,0,PASS,High,57.8,61.5,59.7,57.7,59.1,Highest Relative Gap,100.0,3.8,High Agreement
NTLOC_079,KULGERA,HIGHWAY,,,YES,,OPTUS/TELSTRA,-25.84084,133.300479999999,702011050,Petermann - Simpson,0.17,0.31,0.17,234.74,2,2,3,2,"Optus, Telstra",YES,NO,48,44,92,6,0,6,0,0,100,0,0,175250.7099,Unincorporated NT,79399,2025,SA2 regional context,Infrastructure proximity only; not proof of service quality,Regional SA2 indicator; not direct community measurement,0,PASS,High,32.8,76.2,36.0,57.7,49.3,Moderate Relative Gap,100.0,43.4,Low Agreement
NTLOC_080,KUNGARREWARL,COMMUNITY,5.0,,,YES,TELSTRA,-12.34346,133.05617,702031061,West Arnhem,2.18,2.18,14.07,43.51,1,3,5,3,"Optus, TPG, Telstra",YES,YES,21,53,73,9,0,9,0,0,100,0,0,33500.39124,0,0,2025,SA2 regional context,Infrastructure proximity only; not proof of service quality,Regional SA2 indicator; not direct community measurement,0,PASS,High,32.1,72.7,33.5,57.7,47.6,Moderate Relative Gap,100.0,40.6,Low Agreement
NTLOC_081,KUY,COMMUNITY,5.0,,,YES,TELSTRA,-14.03546,129.59784,702031059,Thamarrurr,24.28,24.28,151.76,156.13,0,1,2,1,Telstra,YES,YES,1,99,99,30,2,32,0,0,100,0,0,3373.981655,0,0,2025,SA2 regional context,Infrastructure proximity only; not proof of service quality,Regional SA2 indicator; not direct community measurement,0,PASS,High,86.1,46.5,0.9,57.7,53.5,High Relative Gap,100.0,85.2,Low Agreement
NTLOC_082,KWALE KWALE,COMMUNITY,25.0,,,YES,OPTUS/TELSTRA,-23.76972,133.57451,702011052,Sandover - Plenty,11.89,11.89,28.29,28.29,0,2,20,3,"Optus, TPG, Telstra",YES,YES,70,0,70,10,0,10,0,0,100,0,0,129517.369,0,0,2025,SA2 regional context,Infrastructure proximity only; not proof of service quality,Regional SA2 indicator; not direct community measurement,0,PASS,High,51.4,36.5,59.7,57.7,50.6,High Relative Gap,100.0,23.2,Mixed Agreement
NTLOC_083,KYBROOK FARM,COMMUNITY,52.0,,,YES,TELSTRA,-13.8631599999999,131.821959999999,702031058,Daly,4.18,4.18,51.54,62.62,1,1,2,1,Telstra,YES,NO,77,0,77,15,0,15,0,0,100,0,0,34827.58213,Unincorporated NT,79399,2025,SA2 regional context,Infrastructure proximity only; not proof of service quality,Regional SA2 indicator; not direct community measurement,0,PASS,High,72.3,16.5,59.7,57.7,52.9,High Relative Gap,100.0,55.8,Low Agreement
NTLOC_084,LAJAMANU,COMMUNITY,605.0,YES,,,TELSTRA,-18.3358399999999,130.638339999999,702051068,Victoria River,0.66,0.66,205.59,400.16,1,1,1,1,Telstra,YES,YES,47,10,57,8,0,8,0,0,100,0,0,133605.1763,0,0,2025,SA2 regional context,Infrastructure proximity only; not proof of service quality,Regional SA2 indicator; not direct community measurement,0,PASS,High,62.7,70.6,47.9,57.7,60.7,Highest Relative Gap,100.0,22.7,Mixed Agreement
NTLOC_085,LARRIMAH,HIGHWAY,,,YES,,OPTUS,-15.574,133.215,702051065,Elsey,0.02,4.44,0.02,159.62,2,2,2,2,"Optus, Telstra",YES,NO,35,39,74,12,0,12,0,0,100,0,0,92957.74691,0,0,2025,SA2 regional context,Infrastructure proximity only; not proof of service quality,Regional SA2 indicator; not direct community measurement,0,PASS,High,25.4,53.2,38.5,57.7,41.4,Lower Relative Gap,100.0,32.3,Mixed Agreement
NTLOC_086,LIZARD BORE,COMMUNITY,5.0,,,YES,TELSTRA,-23.30034,131.13465,702011053,Tanami,15.45,15.45,112.45,210.88,0,1,1,1,Telstra,YES,NO,68,0,68,6,0,6,0,0,100,0,0,192618.7124,0,0,2025,SA2 regional context,Infrastructure proximity only; not proof of service quality,Regional SA2 indicator; not direct community measurement,0,PASS,High,83.8,61.5,59.7,57.7,68.2,Highest Relative Gap,100.0,26.1,Mixed Agreement
NTLOC_087,LUL-TJU,COMMUNITY,5.0,,,YES,TELSTRA,-18.37671,130.59313,702011053,Tanami,6.64,6.64,210.2,402.94,1,1,1,1,Telstra,YES,YES,68,0,68,6,0,6,0,0,100,0,0,192618.7124,0,0,2025,SA2 regional context,Infrastructure proximity only; not proof of service quality,Regional SA2 indicator; not direct community measurement,0,PASS,High,75.9,61.5,59.7,57.7,65.4,Highest Relative Gap,100.0,18.2,High Agreement
NTLOC_088,LYILYALANAMA,COMMUNITY,5.0,,,YES,TELSTRA,-23.94724,132.74474,702011053,Tanami,3.31,3.31,12.13,114.91,1,2,7,2,"Optus, Telstra",YES,YES,68,0,68,6,0,6,0,0,100,0,0,192618.7124,0,0,2025,SA2 regional context,Infrastructure proximity only; not proof of service quality,Regional SA2 indicator; not direct community measurement,0,PASS,High,48.2,61.5,59.7,57.7,55.7,High Relative Gap,100.0,13.3,High Agreement
NTLOC_089,MALKALA,COMMUNITY,71.0,,,YES,TELSTRA,-13.8914,136.44224,702041062,Anindilyakwa,4.99,4.99,193.57,193.57,2,3,5,1,Telstra,YES,YES,34,64,98,33,0,34,0,0,100,0,0,2609.039389,Unincorporated NT,79399,2025,SA2 regional context,Infrastructure proximity only; not proof of service quality,Regional SA2 indicator; not direct community measurement,0,PASS,High,57.1,41.9,31.8,57.7,48.4,Moderate Relative Gap,100.0,25.9,Mixed Agreement
NTLOC_090,MANINGRIDA,COMMUNITY,2297.0,YES,,,TELSTRA,-12.0508499999999,134.22363,702031061,West Arnhem,0.93,0.93,143.69,165.83,1,1,1,1,Telstra,YES,YES,21,53,73,9,0,9,0,0,100,0,0,33500.39124,0,0,2025,SA2 regional context,Infrastructure proximity only; not proof of service quality,Regional SA2 indicator; not direct community measurement,0,PASS,High,64.4,72.7,33.5,57.7,59.0,Highest Relative Gap,100.0,39.2,Mixed Agreement
NTLOC_091,MANDEDJKADJANG,COMMUNITY,10.0,,,YES,TELSTRA,-12.26454,134.03056,702031061,West Arnhem,31.87,31.87,117.84,137.45,0,0,1,1,Telstra,YES,YES,21,53,73,9,0,9,0,0,100,0,0,33500.39124,0,0,2025,SA2 regional context,Infrastructure proximity only; not proof of service quality,Regional SA2 indicator; not direct community measurement,0,PASS,High,92.8,72.7,33.5,57.7,68.9,Highest Relative Gap,100.0,59.3,Low Agreement
NTLOC_092,MANYALLALUK,COMMUNITY,97.0,YES,,,TELSTRA,-14.2664899999999,132.827969999999,702051065,Elsey,1.72,1.72,60.75,60.75,1,1,4,1,Telstra,YES,YES,35,39,74,12,0,12,0,0,100,0,0,92957.74691,0,0,2025,SA2 regional context,Infrastructure proximity only; not proof of service quality,Regional SA2 indicator; not direct community measurement,0,PASS,High,66.5,53.2,38.5,57.7,55.8,High Relative Gap,100.0,28.0,Mixed Agreement
NTLOC_093,MARLINJA,COMMUNITY,36.0,,,YES,TELSTRA,-17.37111,133.40305,702021055,Barkly,0.65,0.65,25.65,265.9,1,1,4,2,"Optus, Telstra",YES,YES,62,0,62,5,0,5,0,0,100,0,0,303168.2036,0,0,2025,SA2 regional context,Infrastructure proximity only; not proof of service quality,Regional SA2 indicator; not direct community measurement,0,PASS,High,51.3,77.8,59.7,57.7,60.9,Highest Relative Gap,100.0,26.5,Mixed Agreement
NTLOC_094,MARY RIVER ROADHOUSE,TOURISM,,,YES,,OPTUS/TELSTRA,-13.605,132.219,702031058,Daly,0.19,0.19,0.17,82.54,1,1,3,2,"Optus, Telstra",YES,NO,77,0,77,15,0,15,0,0,100,0,0,34827.58213,Unincorporated NT,79399,2025,SA2 regional context,Infrastructure proximity only; not proof of service quality,Regional SA2 indicator; not direct community measurement,0,PASS,High,43.6,16.5,59.7,57.7,42.9,Lower Relative Gap,100.0,43.2,Low Agreement
NTLOC_095,MATARANKA,VILLAGE,384.0,YES,YES,,OPTUS/TELSTRA,-14.9243499999999,133.067949999999,702051065,Elsey,0.69,1.52,0.69,98.64,2,3,6,2,"Optus, Telstra",YES,YES,35,39,74,12,0,12,0,0,100,0,0,92957.74691,0,0,2025,SA2 regional context,Infrastructure proximity only; not proof of service quality,Regional SA2 indicator; not direct community measurement,0,PASS,High,35.7,53.2,38.5,57.7,45.0,Lower Relative Gap,100.0,22.0,Mixed Agreement
NTLOC_096,MERRAL NTARRAKALA,COMMUNITY,5.0,,,YES,TELSTRA,-23.91418,132.82865,702011053,Tanami,6.12,6.12,18.19,105.76,1,2,7,2,"Optus, Telstra",YES,YES,68,0,68,6,0,6,0,0,100,0,0,192618.7124,0,0,2025,SA2 regional context,Infrastructure proximity only; not proof of service quality,Regional SA2 indicator; not direct community measurement,0,PASS,High,53.6,61.5,59.7,57.7,57.6,Highest Relative Gap,100.0,7.9,High Agreement
NTLOC_097,MILIKAPITI,COMMUNITY,390.0,YES,,,TELSTRA,-11.4216699999999,130.67418,702031060,Tiwi Islands,0.92,0.92,103.71,106.3,1,1,5,1,Telstra,YES,NO,94,0,94,17,0,17,0,0,100,0,0,7483.166189,0,0,2025,SA2 regional context,Infrastructure proximity only; not proof of service quality,Regional SA2 indicator; not direct community measurement,0,PASS,High,64.2,8.1,59.7,57.7,48.0,Moderate Relative Gap,100.0,56.1,Low Agreement
NTLOC_098,MILINGIMBI,COMMUNITY,1025.0,YES,,,TELSTRA,-12.1036,134.9201,702041063,East Arnhem,2.37,2.37,202.03,202.03,1,2,2,1,Telstra,YES,YES,49,35,85,15,0,15,24,0,76,24,0,30987.39899,Unincorporated NT,79399,2025,SA2 regional context,Infrastructure proximity only; not proof of service quality,Regional SA2 indicator; not direct community measurement,0,PASS,High,57.7,39.0,41.6,22.7,42.8,Lower Relative Gap,100.0,35.0,Mixed Agreement
NTLOC_099,MINJILANG,COMMUNITY,234.0,YES,,,TELSTRA,-11.1507,132.578599999999,702031061,West Arnhem,0.59,0.59,147.77,171.16,1,1,1,1,Telstra,YES,NO,21,53,73,9,0,9,0,0,100,0,0,33500.39124,0,0,2025,SA2 regional context,Infrastructure proximity only; not proof of service quality,Regional SA2 indicator; not direct community measurement,0,PASS,High,62.2,72.7,33.5,57.7,58.2,Highest Relative Gap,100.0,39.2,Mixed Agreement
NTLOC_100,MINYERRI,COMMUNITY,603.0,YES,,,TELSTRA,-15.2216,134.082099999999,702051066,Gulf,0.1,0.1,97.18,210.51,1,1,1,1,Telstra,YES,YES,77,0,77,4,0,4,0,0,100,0,0,92279.90175,0,0,2025,SA2 regional context,Infrastructure proximity only; not proof of service quality,Regional SA2 indicator; not direct community measurement,0,PASS,High,51.3,62.4,59.7,57.7,57.0,High Relative Gap,100.0,11.1,High Agreement
NTLOC_101,MOTNAS,COMMUNITY,5.0,,,YES,TELSTRA,-23.94974,132.76946,702011053,Tanami,1.13,1.13,12.22,112.54,1,2,7,2,"Optus, Telstra",YES,YES,68,0,68,6,0,6,0,0,100,0,0,192618.7124,0,0,2025,SA2 regional context,Infrastructure proximity only; not proof of service quality,Regional SA2 indicator; not direct community measurement,0,PASS,High,43.6,61.5,59.7,57.7,54.1,High Relative Gap,100.0,17.9,High Agreement
NTLOC_102,MOUNT BUNDEY,HIGHWAY,,YES,,,TELSTRA,-12.855,131.813,702031057,Alligator,0.1,0.1,15.69,68.67,1,2,6,2,"Optus, Telstra",YES,YES,63,34,97,55,0,56,21,11,68,32,0,33100.0902,Unincorporated NT,79399,2025,SA2 regional context,Infrastructure proximity only; not proof of service quality,Regional SA2 indicator; not direct community measurement,0,PASS,High,29.8,21.5,45.3,8.6,26.6,Lower Relative Gap,100.0,36.7,Mixed Agreement
NTLOC_103,MOUNT EBENEZER,TOURISM,,,YES,YES,OPTUS/TELSTRA,-25.173,132.674,702011050,Petermann - Simpson,0.77,11.61,0.77,170.2,1,2,2,2,"Optus, Telstra",YES,NO,48,44,92,6,0,6,0,0,100,0,0,175250.7099,Unincorporated NT,79399,2025,SA2 regional context,Infrastructure proximity only; not proof of service quality,Regional SA2 indicator; not direct community measurement,0,PASS,High,41.9,76.2,36.0,57.7,52.5,High Relative Gap,100.0,40.2,Low Agreement
NTLOC_104,MOUNT LIEBIG,COMMUNITY,234.0,YES,,,TELSTRA,-23.26605,131.27319,702011053,Tanami,1.35,1.35,112.18,216.19,1,1,1,1,Telstra,YES,NO,68,0,68,6,0,6,0,0,100,0,0,192618.7124,0,0,2025,SA2 regional context,Infrastructure proximity only; not proof of service quality,Regional SA2 indicator; not direct community measurement,0,PASS,High,65.9,61.5,59.7,57.7,61.9,Highest Relative Gap,100.0,8.2,High Agreement
NTLOC_105,MOUNT TWELLAR,COMMUNITY,17.0,,,YES,TELSTRA,-23.54198,133.62279,702011052,Sandover - Plenty,6.25,6.25,28.11,28.11,1,1,20,3,"Optus, TPG, Telstra",YES,YES,70,0,70,10,0,10,0,0,100,0,0,129517.369,0,0,2025,SA2 regional context,Infrastructure proximity only; not proof of service quality,Regional SA2 indicator; not direct community measurement,0,PASS,High,56.0,36.5,59.7,57.7,52.2,High Relative Gap,100.0,23.2,Mixed Agreement
NTLOC_106,MUDGINBERRI,COMMUNITY,50.0,,,YES,OPTUS/TELSTRA,-12.598,132.873,702031057,Alligator,8.98,8.98,8.98,8.98,1,4,8,3,"Optus, TPG, Telstra",YES,YES,63,34,97,55,0,56,21,11,68,32,0,33100.0902,Unincorporated NT,79399,2025,SA2 regional context,Infrastructure proximity only; not proof of service quality,Regional SA2 indicator; not direct community measurement,0,PASS,High,39.8,21.5,45.3,8.6,30.1,Lower Relative Gap,100.0,36.7,Mixed Agreement
NTLOC_107,MUMUKALA,COMMUNITY,12.0,,,YES,TELSTRA,-12.611,132.666,702031057,Alligator,19.4,19.4,19.4,19.4,0,2,8,3,"Optus, TPG, Telstra",YES,YES,63,34,97,55,0,56,21,11,68,32,0,33100.0902,Unincorporated NT,79399,2025,SA2 regional context,Infrastructure proximity only; not proof of service quality,Regional SA2 indicator; not direct community measurement,0,PASS,High,55.7,21.5,45.3,8.6,35.6,Lower Relative Gap,100.0,47.1,Low Agreement
NTLOC_108,MURUNING,COMMUNITY,21.0,,,YES,TELSTRA,-15.675,130.485,702051068,Victoria River,2.17,2.17,69.24,220.96,2,2,5,1,Telstra,YES,YES,47,10,57,8,0,8,0,0,100,0,0,133605.1763,0,0,2025,SA2 regional context,Infrastructure proximity only; not proof of service quality,Regional SA2 indicator; not direct community measurement,0,PASS,High,57.1,70.6,47.9,57.7,58.8,Highest Relative Gap,100.0,22.7,Mixed Agreement
NTLOC_109,MUTITJULU,COMMUNITY,426.0,YES,,YES,OPTUS/TELSTRA,-25.3523,131.066699999999,702011050,Petermann - Simpson,0.42,0.42,14.76,14.76,1,4,4,3,"Optus, TPG, Telstra",YES,YES,48,44,92,6,0,6,0,0,100,0,0,175250.7099,Unincorporated NT,79399,2025,SA2 regional context,Infrastructure proximity only; not proof of service quality,Regional SA2 indicator; not direct community measurement,0,PASS,High,22.1,76.2,36.0,57.7,45.5,Lower Relative Gap,100.0,54.1,Low Agreement
NTLOC_110,MYATT,COMMUNITY,75.0,,,YES,TELSTRA,-15.707,130.483,702051068,Victoria River,5.64,5.64,69.86,223.21,1,2,4,1,Telstra,YES,YES,47,10,57,8,0,8,0,0,100,0,0,133605.1763,0,0,2025,SA2 regional context,Infrastructure proximity only; not proof of service quality,Regional SA2 indicator; not direct community measurement,0,PASS,High,63.9,70.6,47.9,57.7,61.1,Highest Relative Gap,100.0,22.7,Mixed Agreement
NTLOC_111,NADILMUK,COMMUNITY,5.0,,,YES,TELSTRA,-11.994,134.295,702031061,West Arnhem,9.75,9.75,153.01,175.54,1,1,1,1,Telstra,YES,YES,21,53,73,9,0,9,0,0,100,0,0,33500.39124,0,0,2025,SA2 regional context,Infrastructure proximity only; not proof of service quality,Regional SA2 indicator; not direct community measurement,0,PASS,High,78.4,72.7,33.5,57.7,63.9,Highest Relative Gap,100.0,44.9,Low Agreement
NTLOC_112,NAUIYU,COMMUNITY,319.0,YES,,,TELSTRA,-13.7505399999999,130.688929999999,702031058,Daly,0.04,0.04,57.58,69.79,1,1,2,1,Telstra,YES,YES,77,0,77,15,0,15,0,0,100,0,0,34827.58213,Unincorporated NT,79399,2025,SA2 regional context,Infrastructure proximity only; not proof of service quality,Regional SA2 indicator; not direct community measurement,0,PASS,High,47.6,16.5,59.7,57.7,44.3,Lower Relative Gap,100.0,43.2,Low Agreement
NTLOC_113,NEWCASTLE WATERS,HIGHWAY,,,YES,,TELSTRA,-17.37,133.409,702021055,Barkly,0.06,0.06,25.37,265.82,1,1,4,2,"Optus, Telstra",YES,YES,62,0,62,5,0,5,0,0,100,0,0,303168.2036,0,0,2025,SA2 regional context,Infrastructure proximity only; not proof of service quality,Regional SA2 indicator; not direct community measurement,0,PASS,High,37.5,77.8,59.7,57.7,56.1,High Relative Gap,100.0,40.3,Low Agreement
NTLOC_114,NGADUMIYERRKA,COMMUNITY,24.0,,,YES,TELSTRA,-13.82,136.456,702041062,Anindilyakwa,3.84,3.84,185.49,185.49,2,3,5,1,Telstra,YES,YES,34,64,98,33,0,34,0,0,100,0,0,2609.039389,Unincorporated NT,79399,2025,SA2 regional context,Infrastructure proximity only; not proof of service quality,Regional SA2 indicator; not direct community measurement,0,PASS,High,55.5,41.9,31.8,57.7,47.8,Moderate Relative Gap,100.0,25.9,Mixed Agreement
NTLOC_115,NGANGALALA,COMMUNITY,55.0,,,YES,TELSTRA,-12.298,134.992,702041063,East Arnhem,7.89,7.89,194.39,194.39,1,2,2,1,Telstra,YES,YES,49,35,85,15,0,15,24,0,76,24,0,30987.39899,Unincorporated NT,79399,2025,SA2 regional context,Infrastructure proximity only; not proof of service quality,Regional SA2 indicator; not direct community measurement,0,PASS,High,66.6,39.0,41.6,22.7,45.9,Moderate Relative Gap,100.0,43.9,Low Agreement
NTLOC_116,NGANMARRIYANGA,COMMUNITY,328.0,YES,,,TELSTRA,-14.3511099999999,129.87889,702031058,Daly,0.34,0.34,157.72,162.59,1,1,3,1,Telstra,YES,YES,77,0,77,15,0,15,0,0,100,0,0,34827.58213,Unincorporated NT,79399,2025,SA2 regional context,Infrastructure proximity only; not proof of service quality,Regional SA2 indicator; not direct community measurement,0,PASS,High,58.4,16.5,59.7,57.7,48.0,Moderate Relative Gap,100.0,43.2,Low Agreement
NTLOC_117,NGAYAWILLI,COMMUNITY,13.0,,,YES,TELSTRA,-11.994,135.575,702041063,East Arnhem,3.6,3.6,132.33,132.33,1,1,1,1,Telstra,YES,YES,49,35,85,15,0,15,24,0,76,24,0,30987.39899,Unincorporated NT,79399,2025,SA2 regional context,Infrastructure proximity only; not proof of service quality,Regional SA2 indicator; not direct community measurement,0,PASS,High,71.0,39.0,41.6,22.7,47.5,Moderate Relative Gap,100.0,48.3,Low Agreement
NTLOC_118,NGUKURR,COMMUNITY,1003.0,YES,,,TELSTRA,-14.7317,134.7321,702051066,Gulf,0.22,0.22,164.36,264.12,1,1,1,1,Telstra,YES,NO,77,0,77,4,0,4,0,0,100,0,0,92279.90175,0,0,2025,SA2 regional context,Infrastructure proximity only; not proof of service quality,Regional SA2 indicator; not direct community measurement,0,PASS,High,55.8,62.4,59.7,57.7,58.6,Highest Relative Gap,100.0,6.6,High Agreement
NTLOC_119,NTAKARRA,COMMUNITY,5.0,,,YES,TELSTRA,-23.895,132.68,702011053,Tanami,11.15,11.15,18.94,120.14,0,3,7,2,"Optus, Telstra",YES,YES,68,0,68,6,0,6,0,0,100,0,0,192618.7124,0,0,2025,SA2 regional context,Infrastructure proximity only; not proof of service quality,Regional SA2 indicator; not direct community measurement,0,PASS,High,52.9,61.5,59.7,57.7,57.4,High Relative Gap,100.0,8.6,High Agreement
NTLOC_120,NTURIYA,COMMUNITY,66.0,,,YES,TELSTRA,-22.12379,133.265289999999,702011054,Yuendumu - Anmatjere,15.63,18.24,15.63,182.47,0,2,2,2,"Optus, Telstra",YES,NO,87,0,87,11,0,11,0,0,100,0,0,71891.72063,0,0,2025,SA2 regional context,Infrastructure proximity only; not proof of service quality,Regional SA2 indicator; not direct community measurement,0,PASS,High,62.5,22.9,59.7,57.7,51.1,High Relative Gap,100.0,39.6,Mixed Agreement
NTLOC_121,NUMBULWAR,COMMUNITY,675.0,YES,,,TELSTRA,-14.2791,135.7406,702051066,Gulf,0.07,0.07,258.82,258.82,1,1,1,1,Telstra,YES,NO,77,0,77,4,0,4,0,0,100,0,0,92279.90175,0,0,2025,SA2 regional context,Infrastructure proximity only; not proof of service quality,Regional SA2 indicator; not direct community measurement,0,PASS,High,49.3,62.4,59.7,57.7,56.3,High Relative Gap,100.0,13.1,High Agreement
NTLOC_122,ORMISTON RANGER STATION,TOURISM,,,YES,,OPTUS,-23.633,132.728,702011053,Tanami,0.15,34.73,0.15,113.55,2,3,6,2,"Optus, Telstra",YES,NO,68,0,68,6,0,6,0,0,100,0,0,192618.7124,0,0,2025,SA2 regional context,Infrastructure proximity only; not proof of service quality,Regional SA2 indicator; not direct community measurement,0,PASS,High,25.9,61.5,59.7,57.7,47.9,Moderate Relative Gap,100.0,35.6,Mixed Agreement
NTLOC_123,PAPUNYA,COMMUNITY,389.0,YES,,,TELSTRA,-23.20306,131.9111,702011053,Tanami,1.84,1.84,74.82,204.36,1,1,1,1,Telstra,YES,NO,68,0,68,6,0,6,0,0,100,0,0,192618.7124,0,0,2025,SA2 regional context,Infrastructure proximity only; not proof of service quality,Regional SA2 indicator; not direct community measurement,0,PASS,High,66.9,61.5,59.7,57.7,62.3,Highest Relative Gap,100.0,9.2,High Agreement
NTLOC_124,PARADISE FARM,COMMUNITY,10.0,,,YES,TELSTRA,-12.939,132.533,702031057,Alligator,3.84,3.84,44.35,44.35,2,2,6,3,"Optus, TPG, Telstra",YES,YES,63,34,97,55,0,56,21,11,68,32,0,33100.0902,Unincorporated NT,79399,2025,SA2 regional context,Infrastructure proximity only; not proof of service quality,Regional SA2 indicator; not direct community measurement,0,PASS,High,41.8,21.5,45.3,8.6,30.8,Lower Relative Gap,100.0,36.7,Mixed Agreement
NTLOC_125,PARU,COMMUNITY,5.0,,,YES,TELSTRA,-11.75,130.646,702031060,Tiwi Islands,1.22,1.22,72.1,72.08,1,1,4,1,Telstra,YES,NO,94,0,94,17,0,17,0,0,100,0,0,7483.166189,0,0,2025,SA2 regional context,Infrastructure proximity only; not proof of service quality,Regional SA2 indicator; not direct community measurement,0,PASS,High,65.5,8.1,59.7,57.7,48.4,Moderate Relative Gap,100.0,57.4,Low Agreement
NTLOC_126,PAYEPERRENTYE (B),COMMUNITY,9.0,,,YES,OPTUS/TELSTRA,-23.771,133.556,702011052,Sandover - Plenty,10.31,10.31,30.13,30.13,0,1,21,3,"Optus, TPG, Telstra",YES,YES,70,0,70,10,0,10,0,0,100,0,0,129517.369,0,0,2025,SA2 regional context,Infrastructure proximity only; not proof of service quality,Regional SA2 indicator; not direct community measurement,0,PASS,High,60.0,36.5,59.7,57.7,53.6,High Relative Gap,100.0,23.5,Mixed Agreement
NTLOC_127,PEPPIMENARTI,COMMUNITY,171.0,YES,,,TELSTRA,-14.1503,130.0763,702031058,Daly,0.91,0.91,127.5,132.4,1,1,3,1,Telstra,YES,NO,77,0,77,15,0,15,0,0,100,0,0,34827.58213,Unincorporated NT,79399,2025,SA2 regional context,Infrastructure proximity only; not proof of service quality,Regional SA2 indicator; not direct community measurement,0,PASS,High,63.9,16.5,59.7,57.7,50.0,Moderate Relative Gap,100.0,47.4,Low Agreement
NTLOC_128,PERTE THERRE,COMMUNITY,18.0,,,YES,OPTUS/TELSTRA,-23.758,133.646,702011052,Sandover - Plenty,17.25,17.25,20.96,20.96,0,15,20,3,"Optus, TPG, Telstra",YES,YES,70,0,70,10,0,10,0,0,100,0,0,129517.369,0,0,2025,SA2 regional context,Infrastructure proximity only; not proof of service quality,Regional SA2 indicator; not direct community measurement,0,PASS,High,44.3,36.5,59.7,57.7,48.1,Moderate Relative Gap,100.0,23.2,Mixed Agreement
NTLOC_129,PHILLIPSON BORE,COMMUNITY,5.0,,,YES,TELSTRA,-24.096,134.43,702011052,Sandover - Plenty,6.67,6.67,55.92,62.75,1,1,1,1,Telstra,YES,NO,70,0,70,10,0,10,0,0,100,0,0,129517.369,0,0,2025,SA2 regional context,Infrastructure proximity only; not proof of service quality,Regional SA2 indicator; not direct community measurement,0,PASS,High,76.1,36.5,59.7,57.7,59.2,Highest Relative Gap,100.0,39.6,Mixed Agreement
NTLOC_130,PINE CREEK,VILLAGE,142.0,YES,,,TELSTRA,-13.8227,131.8344,702031058,Daly,0.53,0.53,48.13,65.84,1,1,4,2,"Optus, Telstra",YES,NO,77,0,77,15,0,15,0,0,100,0,0,34827.58213,Unincorporated NT,79399,2025,SA2 regional context,Infrastructure proximity only; not proof of service quality,Regional SA2 indicator; not direct community measurement,0,PASS,High,50.2,16.5,59.7,57.7,45.2,Lower Relative Gap,100.0,43.2,Low Agreement
NTLOC_131,PIRLANGIMPI,COMMUNITY,289.0,YES,,,TELSTRA,-11.4059,130.4172,702031060,Tiwi Islands,0.41,0.41,117.12,117.1,1,2,4,1,Telstra,YES,NO,94,0,94,17,0,17,0,0,100,0,0,7483.166189,0,0,2025,SA2 regional context,Infrastructure proximity only; not proof of service quality,Regional SA2 indicator; not direct community measurement,0,PASS,High,49.3,8.1,59.7,57.7,42.8,Lower Relative Gap,100.0,51.6,Low Agreement
NTLOC_132,PMARA JUTUNTA,COMMUNITY,144.0,YES,,,TELSTRA,-22.2087799999999,133.430729999999,702011054,Yuendumu - Anmatjere,1.25,1.25,8.55,168.36,2,2,4,2,"Optus, Telstra",YES,NO,87,0,87,11,0,11,0,0,100,0,0,71891.72063,0,0,2025,SA2 regional context,Infrastructure proximity only; not proof of service quality,Regional SA2 indicator; not direct community measurement,0,PASS,High,44.2,22.9,59.7,57.7,44.7,Lower Relative Gap,100.0,36.8,Mixed Agreement
NTLOC_133,RAMINGINING,COMMUNITY,742.0,YES,,,TELSTRA,-12.32779,134.930009999999,702041063,East Arnhem,0.4,0.4,201.34,201.34,1,2,2,1,Telstra,YES,YES,49,35,85,15,0,15,24,0,76,24,0,30987.39899,Unincorporated NT,79399,2025,SA2 regional context,Infrastructure proximity only; not proof of service quality,Regional SA2 indicator; not direct community measurement,0,PASS,High,49.0,39.0,41.6,22.7,39.8,Lower Relative Gap,100.0,26.3,Mixed Agreement
NTLOC_134,RENNER SPRINGS ROADHOUSE,HIGHWAY,,,YES,,OPTUS,-18.318,133.795,702021055,Barkly,0.07,88.89,0.07,153.11,1,1,1,1,Optus,NO,NO,62,0,62,5,0,5,0,0,100,0,0,303168.2036,0,0,2025,SA2 regional context,Infrastructure proximity only; not proof of service quality,Regional SA2 indicator; not direct community measurement,0,PASS,High,49.3,77.8,59.7,57.7,60.2,Highest Relative Gap,100.0,28.5,Mixed Agreement
NTLOC_135,ROBINSON RIVER,COMMUNITY,161.0,,YES,,TELSTRA,-16.75974,136.98057,702051066,Gulf,0.45,0.45,133.82,436.1,1,1,1,1,Telstra,YES,NO,77,0,77,4,0,4,0,0,100,0,0,92279.90175,0,0,2025,SA2 regional context,Infrastructure proximity only; not proof of service quality,Regional SA2 indicator; not direct community measurement,0,PASS,High,60.3,62.4,59.7,57.7,60.2,Highest Relative Gap,100.0,4.7,High Agreement
NTLOC_136,ROCKHOLE,COMMUNITY,145.0,,,YES,OPTUS/TELSTRA,-14.51935,132.18633,702051067,Katherine,2.82,2.82,2.82,2.82,2,10,12,3,"Optus, TPG, Telstra",YES,YES,7,92,99,36,5,41,82,0,18,82,0,7416.803858,0,0,2025,SA2 regional context,Infrastructure proximity only; not proof of service quality,Regional SA2 indicator; not direct community measurement,0,PASS,High,28.4,43.9,0.7,16.4,24.3,Lower Relative Gap,100.0,43.2,Low Agreement
NTLOC_137,ROSS RIVER RESORT,TOURISM,,,YES,,OPTUS,-23.591,134.49,702011052,Sandover - Plenty,0.57,61.07,0.57,61.85,1,2,3,1,Optus,YES,NO,70,0,70,10,0,10,0,0,100,0,0,129517.369,0,0,2025,SA2 regional context,Infrastructure proximity only; not proof of service quality,Regional SA2 indicator; not direct community measurement,0,PASS,High,51.5,36.5,59.7,57.7,50.6,High Relative Gap,100.0,23.2,Mixed Agreement
NTLOC_138,RUTJINGKA,COMMUNITY,5.0,,,YES,TELSTRA,-23.916,132.815,702011053,Tanami,4.85,4.85,17.36,107.16,1,2,7,2,"Optus, Telstra",YES,YES,68,0,68,6,0,6,0,0,100,0,0,192618.7124,0,0,2025,SA2 regional context,Infrastructure proximity only; not proof of service quality,Regional SA2 indicator; not direct community measurement,0,PASS,High,51.4,61.5,59.7,57.7,56.8,High Relative Gap,100.0,10.1,High Agreement
NTLOC_139,SANDY BAY,COMMUNITY,5.0,,,YES,TELSTRA,-11.207,132.58,702031061,West Arnhem,6.6,6.6,141.72,164.96,1,1,1,1,Telstra,YES,NO,21,53,73,9,0,9,0,0,100,0,0,33500.39124,0,0,2025,SA2 regional context,Infrastructure proximity only; not proof of service quality,Regional SA2 indicator; not direct community measurement,0,PASS,High,75.7,72.7,33.5,57.7,62.9,Highest Relative Gap,100.0,42.2,Low Agreement
NTLOC_140,SANTA TERESA,COMMUNITY,561.0,YES,,,TELSTRA,-24.1307,134.3733,702011052,Sandover - Plenty,0.29,0.29,60.17,60.17,1,1,1,1,Telstra,YES,NO,70,0,70,10,0,10,0,0,100,0,0,129517.369,0,0,2025,SA2 regional context,Infrastructure proximity only; not proof of service quality,Regional SA2 indicator; not direct community measurement,0,PASS,High,57.6,36.5,59.7,57.7,52.8,High Relative Gap,100.0,23.2,Mixed Agreement
NTLOC_141,STUARTS WELL ROADHOUSE,HIGHWAY,,,YES,,OPTUS/TELSTRA,-24.339,133.458,702011052,Sandover - Plenty,0.09,0.09,0.14,74.89,2,3,4,2,"Optus, Telstra",YES,YES,70,0,70,10,0,10,0,0,100,0,0,129517.369,0,0,2025,SA2 regional context,Infrastructure proximity only; not proof of service quality,Regional SA2 indicator; not direct community measurement,0,PASS,High,23.4,36.5,59.7,57.7,40.8,Lower Relative Gap,100.0,36.3,Mixed Agreement
NTLOC_142,THREEWAYS ROADHOUSE,HIGHWAY,,,YES,,OPTUS,-19.436,134.208,702021055,Barkly,0.09,22.1,0.09,23.38,1,5,5,3,"Optus, TPG, Telstra",YES,YES,62,0,62,5,0,5,0,0,100,0,0,303168.2036,0,0,2025,SA2 regional context,Infrastructure proximity only; not proof of service quality,Regional SA2 indicator; not direct community measurement,0,PASS,High,11.6,77.8,59.7,57.7,47.0,Moderate Relative Gap,100.0,66.2,Low Agreement
NTLOC_143,TILMOUTH WELL ROADHOUSE,HIGHWAY,,,YES,,TELSTRA,-22.809,132.599,702011054,Yuendumu - Anmatjere,0.25,0.25,78.72,160.76,1,1,3,1,Telstra,YES,NO,87,0,87,11,0,11,0,0,100,0,0,71891.72063,0,0,2025,SA2 regional context,Infrastructure proximity only; not proof of service quality,Regional SA2 indicator; not direct community measurement,0,PASS,High,56.7,22.9,59.7,57.7,49.1,Moderate Relative Gap,100.0,36.8,Mixed Agreement
NTLOC_144,TIMBER CREEK,VILLAGE,155.0,YES,,,TELSTRA,-15.6625,130.4804,702051068,Victoria River,0.7,0.7,69.62,220.56,2,2,5,1,Telstra,YES,YES,47,10,57,8,0,8,0,0,100,0,0,133605.1763,0,0,2025,SA2 regional context,Infrastructure proximity only; not proof of service quality,Regional SA2 indicator; not direct community measurement,0,PASS,High,52.8,70.6,47.9,57.7,57.2,High Relative Gap,100.0,22.7,Mixed Agreement
NTLOC_145,TIPPERARY STATION,HIGHWAY,,,YES,,TELSTRA,-13.734,131.041,702031058,Daly,0.05,0.05,34.01,54.92,1,2,6,2,"Optus, Telstra",YES,YES,77,0,77,15,0,15,0,0,100,0,0,34827.58213,Unincorporated NT,79399,2025,SA2 regional context,Infrastructure proximity only; not proof of service quality,Regional SA2 indicator; not direct community measurement,0,PASS,High,26.6,16.5,59.7,57.7,36.9,Lower Relative Gap,100.0,43.2,Low Agreement
NTLOC_146,TITJIKALA,COMMUNITY,186.0,YES,,,TELSTRA,-24.67389,134.075839999999,702011052,Sandover - Plenty,0.38,0.38,33.71,98.54,1,1,2,2,"Optus, Telstra",YES,NO,70,0,70,10,0,10,0,0,100,0,0,129517.369,0,0,2025,SA2 regional context,Infrastructure proximity only; not proof of service quality,Regional SA2 indicator; not direct community measurement,0,PASS,High,47.7,36.5,59.7,57.7,49.3,Moderate Relative Gap,100.0,23.2,Mixed Agreement
NTLOC_147,TI TREE,VILLAGE,49.0,YES,,,OPTUS/TELSTRA,-22.1279,133.4171,702011054,Yuendumu - Anmatjere,0.56,8.27,0.56,177.41,2,2,2,2,"Optus, Telstra",YES,NO,87,0,87,11,0,11,0,0,100,0,0,71891.72063,0,0,2025,SA2 regional context,Infrastructure proximity only; not proof of service quality,Regional SA2 indicator; not direct community measurement,0,PASS,High,40.2,22.9,59.7,57.7,43.3,Lower Relative Gap,100.0,36.8,Mixed Agreement
NTLOC_148,TJAMANGKURRA,COMMUNITY,5.0,,,YES,TELSTRA,-23.969,132.805,702011053,Tanami,4.14,4.14,11.74,109.61,1,2,6,2,"Optus, Telstra",YES,YES,68,0,68,6,0,6,0,0,100,0,0,192618.7124,0,0,2025,SA2 regional context,Infrastructure proximity only; not proof of service quality,Regional SA2 indicator; not direct community measurement,0,PASS,High,50.6,61.5,59.7,57.7,56.6,High Relative Gap,100.0,10.9,High Agreement
NTLOC_149,TJINTIRTJINTIRPA,COMMUNITY,5.0,,,YES,TELSTRA,-23.285,131.271,702011053,Tanami,3.45,3.45,110.17,214.07,1,1,1,1,Telstra,YES,NO,68,0,68,6,0,6,0,0,100,0,0,192618.7124,0,0,2025,SA2 regional context,Infrastructure proximity only; not proof of service quality,Regional SA2 indicator; not direct community measurement,0,PASS,High,70.8,61.5,59.7,57.7,63.6,Highest Relative Gap,100.0,13.1,High Agreement
NTLOC_150,TNERTE,COMMUNITY,15.0,,,YES,TELSTRA,-23.747,133.72,702011052,Sandover - Plenty,9.7,9.7,13.5,13.5,1,18,20,3,"Optus, TPG, Telstra",YES,YES,70,0,70,10,0,10,0,0,100,0,0,129517.369,0,0,2025,SA2 regional context,Infrastructure proximity only; not proof of service quality,Regional SA2 indicator; not direct community measurement,0,PASS,High,37.0,36.5,59.7,57.7,45.6,Moderate Relative Gap,100.0,23.2,Mixed Agreement
NTLOC_151,TNYIMIPURTA,COMMUNITY,8.0,,,YES,TELSTRA,-23.888,132.671,702011053,Tanami,12.33,12.33,19.98,120.9,0,3,7,2,"Optus, Telstra",YES,YES,68,0,68,6,0,6,0,0,100,0,0,192618.7124,0,0,2025,SA2 regional context,Infrastructure proximity only; not proof of service quality,Regional SA2 indicator; not direct community measurement,0,PASS,High,54.8,61.5,59.7,57.7,58.0,Highest Relative Gap,100.0,6.7,High Agreement
NTLOC_152,TOP SPRINGS ROADHOUSE,HIGHWAY,,,YES,,OPTUS/TELSTRA,-16.544,131.796,702051068,Victoria River,0.11,0.11,0.11,228.38,1,1,1,2,"Optus, Telstra",YES,NO,47,10,57,8,0,8,0,0,100,0,0,133605.1763,0,0,2025,SA2 regional context,Infrastructure proximity only; not proof of service quality,Regional SA2 indicator; not direct community measurement,0,PASS,High,40.7,70.6,47.9,57.7,53.0,High Relative Gap,100.0,29.9,Mixed Agreement
NTLOC_153,TWETYE (A),COMMUNITY,13.0,,,YES,TELSTRA,-23.74034,133.70539,702011052,Sandover - Plenty,11.23,11.23,14.6,14.6,0,20,20,3,"Optus, TPG, Telstra",YES,YES,70,0,70,10,0,10,0,0,100,0,0,129517.369,0,0,2025,SA2 regional context,Infrastructure proximity only; not proof of service quality,Regional SA2 indicator; not direct community measurement,0,PASS,High,38.0,36.5,59.7,57.7,45.9,Moderate Relative Gap,100.0,23.2,Mixed Agreement
NTLOC_154,TWETYE (B),COMMUNITY,26.0,,,YES,TELSTRA,-23.74292,133.69633,702011052,Sandover - Plenty,12.13,12.13,15.57,15.57,0,20,20,3,"Optus, TPG, Telstra",YES,YES,70,0,70,10,0,10,0,0,100,0,0,129517.369,0,0,2025,SA2 regional context,Infrastructure proximity only; not proof of service quality,Regional SA2 indicator; not direct community measurement,0,PASS,High,39.3,36.5,59.7,57.7,46.4,Moderate Relative Gap,100.0,23.2,Mixed Agreement
NTLOC_155,TYWENPE (A),COMMUNITY,17.0,,,YES,OPTUS/TELSTRA,-23.72634,133.72928,702011052,Sandover - Plenty,9.14,9.14,11.81,11.81,1,19,20,3,"Optus, TPG, Telstra",YES,YES,70,0,70,10,0,10,0,0,100,0,0,129517.369,0,0,2025,SA2 regional context,Infrastructure proximity only; not proof of service quality,Regional SA2 indicator; not direct community measurement,0,PASS,High,36.1,36.5,59.7,57.7,45.2,Lower Relative Gap,100.0,23.6,Mixed Agreement
NTLOC_156,TYWENPE (C),COMMUNITY,36.0,,,YES,OPTUS/TELSTRA,-23.74426,133.68787,702011052,Sandover - Plenty,12.98,12.98,16.43,16.43,0,20,20,3,"Optus, TPG, Telstra",YES,YES,70,0,70,10,0,10,0,0,100,0,0,129517.369,0,0,2025,SA2 regional context,Infrastructure proximity only; not proof of service quality,Regional SA2 indicator; not direct community measurement,0,PASS,High,40.3,36.5,59.7,57.7,46.7,Moderate Relative Gap,100.0,23.2,Mixed Agreement
NTLOC_157,TYWENPE (D),COMMUNITY,7.0,,,YES,OPTUS/TELSTRA,-23.7648,133.67226,702011052,Sandover - Plenty,14.65,14.65,18.74,18.74,0,19,20,3,"Optus, TPG, Telstra",YES,YES,70,0,70,10,0,10,0,0,100,0,0,129517.369,0,0,2025,SA2 regional context,Infrastructure proximity only; not proof of service quality,Regional SA2 indicator; not direct community measurement,0,PASS,High,41.6,36.5,59.7,57.7,47.2,Moderate Relative Gap,100.0,23.2,Mixed Agreement
NTLOC_158,ULAMBARA,COMMUNITY,8.0,,,YES,TELSTRA,-23.27715,131.92748,702011053,Tanami,9.6,9.6,68.98,200.63,1,1,1,1,Telstra,YES,NO,68,0,68,6,0,6,0,0,100,0,0,192618.7124,0,0,2025,SA2 regional context,Infrastructure proximity only; not proof of service quality,Regional SA2 indicator; not direct community measurement,0,PASS,High,78.0,61.5,59.7,57.7,66.2,Highest Relative Gap,100.0,20.3,Mixed Agreement
NTLOC_159,ULPANYALI,COMMUNITY,19.0,,,YES,TELSTRA,-24.23091,131.50075,702011050,Petermann - Simpson,2.49,2.56,2.49,119.22,2,2,4,2,"Optus, Telstra",YES,NO,48,44,92,6,0,6,0,0,100,0,0,175250.7099,Unincorporated NT,79399,2025,SA2 regional context,Infrastructure proximity only; not proof of service quality,Regional SA2 indicator; not direct community measurement,0,PASS,High,47.0,76.2,36.0,57.7,54.2,High Relative Gap,100.0,40.2,Low Agreement
NTLOC_160,ULPUNDA,COMMUNITY,9.0,,,YES,TELSTRA,-23.9546,132.766,702011053,Tanami,1.77,1.77,11.61,113.02,1,2,7,2,"Optus, Telstra",YES,YES,68,0,68,6,0,6,0,0,100,0,0,192618.7124,0,0,2025,SA2 regional context,Infrastructure proximity only; not proof of service quality,Regional SA2 indicator; not direct community measurement,0,PASS,High,45.3,61.5,59.7,57.7,54.7,High Relative Gap,100.0,16.2,High Agreement
NTLOC_161,UMBAKUMBA,COMMUNITY,441.0,YES,,,TELSTRA,-13.8597399999999,136.811129999999,702041062,Anindilyakwa,0.34,0.34,186.66,186.66,1,1,4,1,Telstra,YES,YES,34,64,98,33,0,34,0,0,100,0,0,2609.039389,Unincorporated NT,79399,2025,SA2 regional context,Infrastructure proximity only; not proof of service quality,Regional SA2 indicator; not direct community measurement,0,PASS,High,58.4,41.9,31.8,57.7,48.8,Moderate Relative Gap,100.0,26.6,Mixed Agreement
NTLOC_162,UNDOOLYA BORE,COMMUNITY,16.0,,,YES,TELSTRA,-23.748,134.118,702011052,Sandover - Plenty,22.68,22.85,22.68,22.68,0,6,21,3,"Optus, TPG, Telstra",YES,YES,70,0,70,10,0,10,0,0,100,0,0,129517.369,0,0,2025,SA2 regional context,Infrastructure proximity only; not proof of service quality,Regional SA2 indicator; not direct community measurement,0,PASS,High,46.1,36.5,59.7,57.7,48.7,Moderate Relative Gap,100.0,23.2,Mixed Agreement
NTLOC_163,VICTORIA RIVER ROADHOUSE,HIGHWAY,,,YES,,OPTUS,-15.616,131.127,702051068,Victoria River,0.27,55.04,0.27,164.77,1,1,1,1,Optus,NO,NO,47,10,57,8,0,8,0,0,100,0,0,133605.1763,0,0,2025,SA2 regional context,Infrastructure proximity only; not proof of service quality,Regional SA2 indicator; not direct community measurement,0,PASS,High,57.4,70.6,47.9,57.7,58.9,Highest Relative Gap,100.0,22.7,Mixed Agreement
NTLOC_164,WADEYE,COMMUNITY,1650.0,YES,,,TELSTRA,-14.2404,129.520499999999,702031059,Thamarrurr,0.05,0.05,173.13,177.65,1,1,2,1,Telstra,YES,YES,1,99,99,30,2,32,0,0,100,0,0,3373.981655,0,0,2025,SA2 regional context,Infrastructure proximity only; not proof of service quality,Regional SA2 indicator; not direct community measurement,0,PASS,High,48.1,46.5,0.9,57.7,40.2,Lower Relative Gap,100.0,56.8,Low Agreement
NTLOC_165,WAKURLPU,COMMUNITY,10.0,,,YES,TELSTRA,-20.632,134.217,702021055,Barkly,1.17,1.17,1.15,109.81,1,3,4,2,"Optus, Telstra",YES,NO,62,0,62,5,0,5,0,0,100,0,0,303168.2036,0,0,2025,SA2 regional context,Infrastructure proximity only; not proof of service quality,Regional SA2 indicator; not direct community measurement,0,PASS,High,38.0,77.8,59.7,57.7,56.2,High Relative Gap,100.0,39.8,Mixed Agreement
NTLOC_166,WALKER CREEK,TOURISM,,YES,,,OPTUS,-13.122,130.695,702031057,Alligator,0.13,30.09,0.13,0.13,2,4,12,3,"Optus, TPG, Telstra",YES,YES,63,34,97,55,0,56,21,11,68,32,0,33100.0902,Unincorporated NT,79399,2025,SA2 regional context,Infrastructure proximity only; not proof of service quality,Regional SA2 indicator; not direct community measurement,0,PASS,High,14.5,21.5,45.3,8.6,21.2,Lower Relative Gap,100.0,36.7,Mixed Agreement
NTLOC_167,WALLACE ROCKHOLE,COMMUNITY,82.0,YES,,,TELSTRA,-24.1245,133.086299999999,702011053,Tanami,0.13,0.13,35.97,90.23,1,1,6,2,"Optus, Telstra",YES,YES,68,0,68,6,0,6,0,0,100,0,0,192618.7124,0,0,2025,SA2 regional context,Infrastructure proximity only; not proof of service quality,Regional SA2 indicator; not direct community measurement,0,PASS,High,41.2,61.5,59.7,57.7,53.3,High Relative Gap,100.0,20.3,Mixed Agreement
NTLOC_168,WANGI FALLS,TOURISM,,,YES,,OPTUS,-13.158,130.684,702031057,Alligator,0.91,32.8,0.91,4.1,2,4,10,3,"Optus, TPG, Telstra",YES,YES,63,34,97,55,0,56,21,11,68,32,0,33100.0902,Unincorporated NT,79399,2025,SA2 regional context,Infrastructure proximity only; not proof of service quality,Regional SA2 indicator; not direct community measurement,0,PASS,High,26.0,21.5,45.3,8.6,25.3,Lower Relative Gap,100.0,36.7,Mixed Agreement
NTLOC_169,WANMARRA,COMMUNITY,14.0,,,YES,TELSTRA,-24.388,131.803,702011050,Petermann - Simpson,0.15,0.15,2.44,122.26,2,2,4,2,"Optus, Telstra",YES,NO,48,44,92,6,0,6,0,0,100,0,0,175250.7099,Unincorporated NT,79399,2025,SA2 regional context,Infrastructure proximity only; not proof of service quality,Regional SA2 indicator; not direct community measurement,0,PASS,High,31.6,76.2,36.0,57.7,48.8,Moderate Relative Gap,100.0,44.6,Low Agreement
NTLOC_170,WARRUWI,COMMUNITY,391.0,YES,,,TELSTRA,-11.6489599999999,133.38935,702031061,West Arnhem,0.51,0.51,98.35,128.51,1,1,1,1,Telstra,YES,NO,21,53,73,9,0,9,0,0,100,0,0,33500.39124,0,0,2025,SA2 regional context,Infrastructure proximity only; not proof of service quality,Regional SA2 indicator; not direct community measurement,0,PASS,High,61.0,72.7,33.5,57.7,57.8,Highest Relative Gap,100.0,39.2,Mixed Agreement
NTLOC_171,WARUMPI,COMMUNITY,5.0,,,YES,TELSTRA,-23.185,131.975,702011053,Tanami,5.33,5.33,70.81,198.67,1,1,1,1,Telstra,YES,NO,68,0,68,6,0,6,0,0,100,0,0,192618.7124,0,0,2025,SA2 regional context,Infrastructure proximity only; not proof of service quality,Regional SA2 indicator; not direct community measurement,0,PASS,High,74.0,61.5,59.7,57.7,64.8,Highest Relative Gap,100.0,16.3,High Agreement
NTLOC_172,WATARU,COMMUNITY,5.0,,,YES,TELSTRA,-24.859,129.059,702011050,Petermann - Simpson,2.6,2.6,196.66,196.66,1,1,1,1,Telstra,YES,NO,48,44,92,6,0,6,0,0,100,0,0,175250.7099,Unincorporated NT,79399,2025,SA2 regional context,Infrastructure proximity only; not proof of service quality,Regional SA2 indicator; not direct community measurement,0,PASS,High,68.6,76.2,36.0,57.7,61.8,Highest Relative Gap,100.0,40.2,Low Agreement
NTLOC_173,WEEMOL,COMMUNITY,91.0,,,YES,TELSTRA,-13.6441799999999,134.308629999999,702051065,Elsey,4.66,4.66,186.99,192.93,1,1,1,1,Telstra,YES,NO,35,39,74,12,0,12,0,0,100,0,0,92957.74691,0,0,2025,SA2 regional context,Infrastructure proximity only; not proof of service quality,Regional SA2 indicator; not direct community measurement,0,PASS,High,72.7,53.2,38.5,57.7,58.0,Highest Relative Gap,100.0,34.2,Mixed Agreement
NTLOC_174,WIITIN,COMMUNITY,10.0,,,YES,OPTUS/TELSTRA,-19.545,134.237,702021055,Barkly,10.01,10.01,12.4,12.44,0,5,5,3,"Optus, TPG, Telstra",YES,YES,62,0,62,5,0,5,0,0,100,0,0,303168.2036,0,0,2025,SA2 regional context,Infrastructure proximity only; not proof of service quality,Regional SA2 indicator; not direct community measurement,0,PASS,High,39.7,77.8,59.7,57.7,56.8,High Relative Gap,100.0,38.1,Mixed Agreement
NTLOC_175,WILGI,COMMUNITY,6.0,,,YES,TELSTRA,-11.496,132.749,702031061,West Arnhem,43.16,43.16,105.95,130.82,0,0,1,1,Telstra,YES,NO,21,53,73,9,0,9,0,0,100,0,0,33500.39124,0,0,2025,SA2 regional context,Infrastructure proximity only; not proof of service quality,Regional SA2 indicator; not direct community measurement,0,PASS,High,93.0,72.7,33.5,57.7,69.0,Highest Relative Gap,100.0,59.5,Low Agreement
NTLOC_176,WOLLOGORANG,COMMUNITY,7.0,,YES,,TELSTRA,-17.218,137.989,702051066,Gulf,4.58,4.58,247.88,483.67,1,1,1,1,Telstra,YES,NO,77,0,77,4,0,4,0,0,100,0,0,92279.90175,0,0,2025,SA2 regional context,Infrastructure proximity only; not proof of service quality,Regional SA2 indicator; not direct community measurement,0,PASS,High,72.5,62.4,59.7,57.7,64.5,Highest Relative Gap,100.0,14.8,High Agreement
NTLOC_177,WUNARA,COMMUNITY,5.0,,YES,,TELSTRA,-19.989,136.618,702021055,Barkly,0.16,0.16,88.28,257.51,1,1,1,1,Telstra,YES,NO,62,0,62,5,0,5,0,0,100,0,0,303168.2036,0,0,2025,SA2 regional context,Infrastructure proximity only; not proof of service quality,Regional SA2 indicator; not direct community measurement,0,PASS,High,53.8,77.8,59.7,57.7,61.8,Highest Relative Gap,100.0,24.0,Mixed Agreement
NTLOC_178,WURLBU,COMMUNITY,7.0,,,YES,TELSTRA,-16.075,136.284,702051066,Gulf,3.35,3.35,90.08,436.2,1,1,2,1,Telstra,YES,NO,77,0,77,4,0,4,0,0,100,0,0,92279.90175,0,0,2025,SA2 regional context,Infrastructure proximity only; not proof of service quality,Regional SA2 indicator; not direct community measurement,0,PASS,High,70.1,62.4,59.7,57.7,63.6,Highest Relative Gap,100.0,12.4,High Agreement
NTLOC_179,WURRUMIYANGA,COMMUNITY,1209.0,YES,,,TELSTRA,-11.75831,130.63747,702031060,Tiwi Islands,0.22,0.22,71.57,71.55,1,1,4,1,Telstra,YES,NO,94,0,94,17,0,17,0,0,100,0,0,7483.166189,0,0,2025,SA2 regional context,Infrastructure proximity only; not proof of service quality,Regional SA2 indicator; not direct community measurement,0,PASS,High,55.8,8.1,59.7,57.7,45.0,Lower Relative Gap,100.0,51.6,Low Agreement
NTLOC_180,WYCLIFFE WELL,HIGHWAY,,,YES,,OPTUS,-20.795,134.236,702021055,Barkly,0.07,17.17,0.07,127.99,1,2,4,2,"Optus, Telstra",YES,NO,62,0,62,5,0,5,0,0,100,0,0,303168.2036,0,0,2025,SA2 regional context,Infrastructure proximity only; not proof of service quality,Regional SA2 indicator; not direct community measurement,0,PASS,High,27.8,77.8,59.7,57.7,52.7,High Relative Gap,100.0,50.0,Low Agreement
NTLOC_181,YANUNGBI,COMMUNITY,5.0,,,YES,TELSTRA,-12.28,136.658,702041063,East Arnhem,10.56,10.56,16.95,16.95,0,5,6,3,"Optus, TPG, Telstra",YES,NO,49,35,85,15,0,15,24,0,76,24,0,30987.39899,Unincorporated NT,79399,2025,SA2 regional context,Infrastructure proximity only; not proof of service quality,Regional SA2 indicator; not direct community measurement,0,PASS,High,41.0,39.0,41.6,22.7,37.0,Lower Relative Gap,100.0,18.9,High Agreement
NTLOC_182,YARRALIN,COMMUNITY,250.0,YES,,,TELSTRA,-16.4484099999999,130.88279,702051068,Victoria River,0.16,0.16,25.86,254.36,1,1,2,2,"Optus, Telstra",YES,NO,47,10,57,8,0,8,0,0,100,0,0,133605.1763,0,0,2025,SA2 regional context,Infrastructure proximity only; not proof of service quality,Regional SA2 indicator; not direct community measurement,0,PASS,High,42.6,70.6,47.9,57.7,53.7,High Relative Gap,100.0,28.0,Mixed Agreement
NTLOC_183,YARTALU YARTALU,COMMUNITY,7.0,,,YES,TELSTRA,-20.573,130.355,702011053,Tanami,3.4,3.4,361.4,412.86,2,2,4,1,Telstra,YES,NO,68,0,68,6,0,6,0,0,100,0,0,192618.7124,0,0,2025,SA2 regional context,Infrastructure proximity only; not proof of service quality,Regional SA2 indicator; not direct community measurement,0,PASS,High,60.2,61.5,59.7,57.7,59.9,Highest Relative Gap,100.0,3.8,High Agreement
NTLOC_184,YATHALAMARRA,COMMUNITY,59.0,,,YES,TELSTRA,-12.274,134.922,702041063,East Arnhem,6.06,6.06,201.84,201.84,1,2,2,1,Telstra,YES,YES,49,35,85,15,0,15,24,0,76,24,0,30987.39899,Unincorporated NT,79399,2025,SA2 regional context,Infrastructure proximity only; not proof of service quality,Regional SA2 indicator; not direct community measurement,0,PASS,High,64.5,39.0,41.6,22.7,45.2,Lower Relative Gap,100.0,41.8,Low Agreement
NTLOC_185,YIRRKALA,COMMUNITY,524.0,YES,,,TELSTRA,-12.2527899999999,136.89168,702041063,East Arnhem,0.49,0.49,14.79,14.79,2,6,6,3,"Optus, TPG, Telstra",YES,NO,49,35,85,15,0,15,24,0,76,24,0,30987.39899,Unincorporated NT,79399,2025,SA2 regional context,Infrastructure proximity only; not proof of service quality,Regional SA2 indicator; not direct community measurement,0,PASS,High,21.0,39.0,41.6,22.7,30.0,Lower Relative Gap,100.0,20.6,Mixed Agreement
NTLOC_186,YUDUYUDU,COMMUNITY,10.0,,,YES,OPTUS/TELSTRA,-12.233,136.637,702041063,East Arnhem,7.58,7.58,16.25,16.25,1,5,6,3,"Optus, TPG, Telstra",YES,NO,49,35,85,15,0,15,24,0,76,24,0,30987.39899,Unincorporated NT,79399,2025,SA2 regional context,Infrastructure proximity only; not proof of service quality,Regional SA2 indicator; not direct community measurement,0,PASS,High,37.6,39.0,41.6,22.7,35.8,Lower Relative Gap,100.0,18.9,High Agreement
NTLOC_187,YUENDUMU,COMMUNITY,617.0,YES,,,TELSTRA,-22.2538899999999,131.795289999999,702011054,Yuendumu - Anmatjere,0.44,0.44,165.14,263.81,1,1,2,1,Telstra,YES,NO,87,0,87,11,0,11,0,0,100,0,0,71891.72063,0,0,2025,SA2 regional context,Infrastructure proximity only; not proof of service quality,Regional SA2 indicator; not direct community measurement,0,PASS,High,60.1,22.9,59.7,57.7,50.2,High Relative Gap,100.0,37.2,Mixed Agreement
NTLOC_188,YULARA,TOURISM,,YES,,,TELSTRA,-25.2413299999999,130.98766,702011050,Petermann - Simpson,0.39,0.39,0.39,0.39,3,4,4,3,"Optus, TPG, Telstra",YES,YES,48,44,92,6,0,6,0,0,100,0,0,175250.7099,Unincorporated NT,79399,2025,SA2 regional context,Infrastructure proximity only; not proof of service quality,Regional SA2 indicator; not direct community measurement,0,PASS,High,21.2,76.2,36.0,57.7,45.2,Lower Relative Gap,100.0,55.0,Low Agreement
