Location_ID,Place,Problems_found,Towers_recalc,Towers_stored,4G_recalc,4G_stored,5G_recalc,5G_stored,Home_internet_recalc,Home_internet_stored,Overall_recalc,Overall_stored
NTLOC_001,ADELAIDE RIVER,1,28.4,28.0,22.1,21.5,45.8,45.3,9.0,8.6,26.4,26.0
NTLOC_002,AILERON STATION,1,64.1,63.8,23.4,22.9,60.3,59.7,58.1,57.7,52.0,51.5
NTLOC_003,ALAMIRRA,4,79.6,79.3,73.2,72.7,34.0,33.5,58.1,57.7,64.6,64.2
NTLOC_004,ALI CURUNG,1,39.7,39.4,78.3,77.8,60.3,59.7,58.1,57.7,57.1,56.7
NTLOC_005,ALPURRURULAM,2,58.3,58.0,78.3,77.8,60.3,59.7,58.1,57.7,63.7,63.2
NTLOC_006,AMOONGUNA,1,32.5,32.2,37.0,36.5,60.3,59.7,58.1,57.7,44.3,43.9
NTLOC_007,AMPILATWATJA,2,57.0,56.7,37.0,36.5,60.3,59.7,58.1,57.7,52.9,52.4
NTLOC_008,ANGATYEPE,0,36.5,36.2,37.0,36.5,60.3,59.7,58.1,57.7,45.7,45.3
NTLOC_009,ANGURUGU,2,51.4,51.1,42.4,41.9,32.3,31.8,58.1,57.7,46.7,46.3
NTLOC_010,ARLPARRA,2,54.1,53.8,37.0,36.5,60.3,59.7,58.1,57.7,51.8,51.4
NTLOC_011,ARMORRAN,4,81.7,81.4,73.2,72.7,34.0,33.5,58.1,57.7,65.3,64.9
NTLOC_012,ARRILLHJERE,1,44.9,44.6,37.0,36.5,60.3,59.7,58.1,57.7,48.6,48.2
NTLOC_013,ATNARARA,1,76.6,76.3,37.0,36.5,60.3,59.7,58.1,57.7,59.7,59.3
NTLOC_014,ATITJERE,2,64.9,64.6,37.0,36.5,60.3,59.7,58.1,57.7,55.6,55.2
NTLOC_015,AURORA KAKADU,1,20.6,20.3,22.1,21.5,45.8,45.3,9.0,8.6,23.7,23.3
NTLOC_016,BARDALUMBA,2,53.4,53.0,42.4,41.9,32.3,31.8,58.1,57.7,47.4,46.9
NTLOC_017,BARUNGA,1,50.3,50.0,53.8,53.2,39.0,38.5,58.1,57.7,50.5,50.0
NTLOC_018,BARROW CREEK,1,21.2,20.9,78.3,77.8,60.3,59.7,58.1,57.7,50.7,50.2
NTLOC_019,BATCHELOR,1,15.3,15.0,22.1,21.5,45.8,45.3,9.0,8.6,21.8,21.4
NTLOC_020,BELYUEN,1,13.9,13.5,22.1,21.5,45.8,45.3,9.0,8.6,21.3,20.9
NTLOC_021,BESWICK,1,45.2,44.9,53.8,53.2,39.0,38.5,58.1,57.7,48.7,48.3
NTLOC_022,BINJARI,1,31.7,31.4,44.4,43.9,1.2,0.7,16.8,16.4,25.8,25.4
NTLOC_023,BLACKWATER,2,77.5,77.2,62.1,61.5,60.3,59.7,58.1,57.7,66.3,65.9
NTLOC_024,BODIA,3,73.9,73.5,39.6,39.0,42.2,41.6,23.1,22.7,48.8,48.3
NTLOC_025,BORROLOOLA,3,66.6,66.3,63.0,62.4,60.3,59.7,58.1,57.7,62.7,62.3
NTLOC_026,BRUMBY PLAINS,2,47.6,47.3,71.2,70.6,48.5,47.9,58.1,57.7,55.8,55.3
NTLOC_027,BULLA,3,57.5,57.2,71.2,70.6,48.5,47.9,58.1,57.7,59.2,58.8
NTLOC_028,BULMAN,2,65.1,64.8,53.8,53.2,39.0,38.5,58.1,57.7,55.7,55.2
NTLOC_029,BUNHANURA,3,84.9,84.6,39.6,39.0,42.2,41.6,23.1,22.7,52.7,52.2
NTLOC_030,COOINDA LODGE,1,17.2,16.9,22.1,21.5,45.8,45.3,9.0,8.6,22.5,22.1
NTLOC_031,CURTAIN SPRINGS ROADHOUSE,1,28.9,28.6,76.8,76.2,36.5,36.0,58.1,57.7,48.2,47.8
NTLOC_032,DAGURAGU,3,74.1,73.8,71.2,70.6,48.5,47.9,58.1,57.7,65.0,64.6
NTLOC_033,DALY WATERS,1,54.1,53.8,53.8,53.2,39.0,38.5,58.1,57.7,51.8,51.4
NTLOC_034,DEVILS MARBLES HOTEL,1,20.4,20.1,78.3,77.8,60.3,59.7,58.1,57.7,50.4,50.0
NTLOC_035,DHAMBALA,3,69.8,69.5,39.6,39.0,42.2,41.6,23.1,22.7,47.4,46.9
NTLOC_036,DHIPIRRINJURA,3,75.7,75.4,39.6,39.0,42.2,41.6,23.1,22.7,49.4,49.0
NTLOC_037,DHUDUPU,3,68.5,68.2,39.6,39.0,42.2,41.6,23.1,22.7,46.9,46.5
NTLOC_038,DJIRRBIYAK,2,49.4,49.1,22.1,21.5,45.8,45.3,9.0,8.6,33.8,33.3
NTLOC_039,DONS BORE,2,82.6,82.3,23.4,22.9,60.3,59.7,58.1,57.7,58.4,58.0
NTLOC_040,DUNMARRA ROADHOUSE,1,41.5,41.2,53.8,53.2,39.0,38.5,58.1,57.7,47.4,47.0
NTLOC_041,EIGHT MILE,2,53.9,53.6,62.1,61.5,60.3,59.7,58.1,57.7,58.0,57.6
NTLOC_042,ELITJIA,1,46.7,46.4,37.0,36.5,60.3,59.7,58.1,57.7,49.3,48.8
NTLOC_043,ELLIOTT,2,33.7,33.4,78.3,77.8,60.3,59.7,58.1,57.7,55.0,54.6
NTLOC_044,ENGAWALA,0,32.0,31.6,37.0,36.5,60.3,59.7,58.1,57.7,44.1,43.7
NTLOC_045,ERLDUNDA,1,30.2,29.8,76.8,76.2,36.5,36.0,58.1,57.7,48.7,48.2
NTLOC_046,FIVE MILE,1,55.6,55.3,62.1,61.5,60.3,59.7,58.1,57.7,58.6,58.2
NTLOC_047,FLORENCE FALLS,1,9.5,9.2,22.1,21.5,45.8,45.3,9.0,8.6,19.8,19.4
NTLOC_048,GALAWARRA,3,71.5,71.2,39.6,39.0,42.2,41.6,23.1,22.7,48.0,47.5
NTLOC_049,GALAWDJAPIN,3,72.5,72.2,39.6,39.0,42.2,41.6,23.1,22.7,48.3,47.9
NTLOC_050,GALIWINKU,3,55.8,55.5,39.6,39.0,42.2,41.6,23.1,22.7,42.5,42.0
NTLOC_051,GAPUWIYAK,2,57.0,56.7,39.6,39.0,42.2,41.6,23.1,22.7,42.9,42.5
NTLOC_052,GARANYDJIRR,3,71.0,70.7,39.6,39.0,42.2,41.6,23.1,22.7,47.8,47.4
NTLOC_053,GEM TREE PARK,0,27.9,27.6,37.0,36.5,60.3,59.7,58.1,57.7,42.7,42.3
NTLOC_054,GLEN HELEN HOMESTEAD,1,22.4,22.1,62.1,61.5,60.3,59.7,58.1,57.7,47.0,46.6
NTLOC_055,GUNBALANYA,2,14.1,13.8,73.2,72.7,34.0,33.5,58.1,57.7,41.6,41.2
NTLOC_056,GUNYANGARA,1,29.8,29.5,39.6,39.0,42.2,41.6,23.1,22.7,33.4,32.9
NTLOC_057,GUTJANGAN,2,41.9,41.6,39.6,39.0,42.2,41.6,23.1,22.7,37.6,37.2
NTLOC_058,HERMANNSBURG,1,34.1,33.8,62.1,61.5,60.3,59.7,58.1,57.7,51.1,50.7
NTLOC_059,HINGSTONS PLACE,1,31.3,31.0,78.3,77.8,60.3,59.7,58.1,57.7,54.2,53.8
NTLOC_060,HUNTERS CAMP,1,38.4,38.0,22.1,21.5,45.8,45.3,9.0,8.6,29.9,29.5
NTLOC_061,IMANPA,1,33.1,32.8,76.8,76.2,36.5,36.0,58.1,57.7,49.7,49.3
NTLOC_062,IMPORTNA,1,49.3,49.0,62.1,61.5,60.3,59.7,58.1,57.7,56.4,56.0
NTLOC_063,INBINA ATWATYE,1,37.7,37.3,37.0,36.5,60.3,59.7,58.1,57.7,46.1,45.7
NTLOC_064,INKWELAYE,1,74.9,74.6,37.0,36.5,60.3,59.7,58.1,57.7,59.1,58.7
NTLOC_065,IPALALA,2,57.9,57.6,62.1,61.5,60.3,59.7,58.1,57.7,59.5,59.0
NTLOC_066,IRRILTYERE (A),1,40.4,40.1,37.0,36.5,60.3,59.7,58.1,57.7,47.1,46.6
NTLOC_067,IRRILTYERE (B),1,41.5,41.2,37.0,36.5,60.3,59.7,58.1,57.7,47.4,47.0
NTLOC_068,ITCHY KOO PARK,1,43.9,43.5,37.0,36.5,60.3,59.7,58.1,57.7,48.3,47.8
NTLOC_069,ITEYEPINTYE,1,47.9,47.6,37.0,36.5,60.3,59.7,58.1,57.7,49.7,49.3
NTLOC_070,ITPERLYENGE,1,46.0,45.7,37.0,36.5,60.3,59.7,58.1,57.7,49.0,48.6
NTLOC_071,JEMELKE,1,39.2,38.9,78.3,77.8,60.3,59.7,58.1,57.7,57.0,56.5
NTLOC_072,JILKMINGGAN,1,25.7,25.4,53.8,53.2,39.0,38.5,58.1,57.7,41.9,41.4
NTLOC_073,KALKARINDJI,3,62.5,62.2,71.2,70.6,48.5,47.9,58.1,57.7,61.0,60.5
NTLOC_074,KALTUKATJARA,2,59.9,59.6,76.8,76.2,36.5,36.0,58.1,57.7,59.1,58.6
NTLOC_075,KAPORILYA,1,53.2,52.9,62.1,61.5,60.3,59.7,58.1,57.7,57.8,57.4
NTLOC_076,KINGS CANYON RESORT,1,37.3,37.0,76.8,76.2,36.5,36.0,58.1,57.7,51.2,50.7
NTLOC_077,KINGS CREEK STATION,1,30.2,29.8,76.8,76.2,36.5,36.0,58.1,57.7,48.7,48.2
NTLOC_078,KINTORE,3,58.1,57.8,62.1,61.5,60.3,59.7,58.1,57.7,59.5,59.1
NTLOC_079,KULGERA,1,33.1,32.8,76.8,76.2,36.5,36.0,58.1,57.7,49.7,49.3
NTLOC_080,KUNGARREWARL,2,32.4,32.1,73.2,72.7,34.0,33.5,58.1,57.7,48.1,47.6
NTLOC_081,KUY,3,86.4,86.1,47.1,46.5,1.4,0.9,58.1,57.7,53.9,53.5
NTLOC_082,KWALE KWALE,1,51.8,51.4,37.0,36.5,60.3,59.7,58.1,57.7,51.0,50.6
NTLOC_083,KYBROOK FARM,2,72.6,72.3,17.0,16.5,60.3,59.7,58.1,57.7,53.3,52.9
NTLOC_084,LAJAMANU,2,63.0,62.7,71.2,70.6,48.5,47.9,58.1,57.7,61.2,60.7
NTLOC_085,LARRIMAH,1,25.7,25.4,53.8,53.2,39.0,38.5,58.1,57.7,41.9,41.4
NTLOC_086,LIZARD BORE,3,84.1,83.8,62.1,61.5,60.3,59.7,58.1,57.7,68.6,68.2
NTLOC_087,LUL-TJU,2,76.2,75.9,62.1,61.5,60.3,59.7,58.1,57.7,65.9,65.4
NTLOC_088,LYILYALANAMA,1,48.6,48.2,62.1,61.5,60.3,59.7,58.1,57.7,56.2,55.7
NTLOC_089,MALKALA,2,57.4,57.1,42.4,41.9,32.3,31.8,58.1,57.7,48.8,48.4
NTLOC_090,MANINGRIDA,3,64.7,64.4,73.2,72.7,34.0,33.5,58.1,57.7,59.4,59.0
NTLOC_091,MANDEDJKADJANG,4,93.1,92.8,73.2,72.7,34.0,33.5,58.1,57.7,69.3,68.9
NTLOC_092,MANYALLALUK,3,66.8,66.5,53.8,53.2,39.0,38.5,58.1,57.7,56.3,55.8
NTLOC_093,MARLINJA,2,51.6,51.3,78.3,77.8,60.3,59.7,58.1,57.7,61.3,60.9
NTLOC_094,MARY RIVER ROADHOUSE,1,44.0,43.6,17.0,16.5,60.3,59.7,58.1,57.7,43.3,42.9
NTLOC_095,MATARANKA,1,36.0,35.7,53.8,53.2,39.0,38.5,58.1,57.7,45.5,45.0
NTLOC_096,MERRAL NTARRAKALA,1,53.9,53.6,62.1,61.5,60.3,59.7,58.1,57.7,58.0,57.6
NTLOC_097,MILIKAPITI,3,64.5,64.2,8.7,8.1,60.3,59.7,58.1,57.7,48.4,48.0
NTLOC_098,MILINGIMBI,3,58.0,57.7,39.6,39.0,42.2,41.6,23.1,22.7,43.3,42.8
NTLOC_099,MINJILANG,4,62.5,62.2,73.2,72.7,34.0,33.5,58.1,57.7,58.6,58.2
NTLOC_100,MINYERRI,3,51.6,51.3,63.0,62.4,60.3,59.7,58.1,57.7,57.5,57.0
NTLOC_101,MOTNAS,1,43.9,43.6,62.1,61.5,60.3,59.7,58.1,57.7,54.5,54.1
NTLOC_102,MOUNT BUNDEY,1,30.2,29.8,22.1,21.5,45.8,45.3,9.0,8.6,27.0,26.6
NTLOC_103,MOUNT EBENEZER,1,42.2,41.9,76.8,76.2,36.5,36.0,58.1,57.7,52.9,52.5
NTLOC_104,MOUNT LIEBIG,2,66.2,65.9,62.1,61.5,60.3,59.7,58.1,57.7,62.4,61.9
NTLOC_105,MOUNT TWELLAR,0,56.3,56.0,37.0,36.5,60.3,59.7,58.1,57.7,52.6,52.2
NTLOC_106,MUDGINBERRI,1,40.1,39.8,22.1,21.5,45.8,45.3,9.0,8.6,30.5,30.1
NTLOC_107,MUMUKALA,2,56.0,55.7,22.1,21.5,45.8,45.3,9.0,8.6,36.1,35.6
NTLOC_108,MURUNING,3,57.4,57.1,71.2,70.6,48.5,47.9,58.1,57.7,59.2,58.8
NTLOC_109,MUTITJULU,1,22.4,22.1,76.8,76.2,36.5,36.0,58.1,57.7,46.0,45.5
NTLOC_110,MYATT,3,64.2,63.9,71.2,70.6,48.5,47.9,58.1,57.7,61.6,61.1
NTLOC_111,NADILMUK,3,78.8,78.4,73.2,72.7,34.0,33.5,58.1,57.7,64.3,63.9
NTLOC_112,NAUIYU,2,47.9,47.6,17.0,16.5,60.3,59.7,58.1,57.7,44.7,44.3
NTLOC_113,NEWCASTLE WATERS,2,37.8,37.5,78.3,77.8,60.3,59.7,58.1,57.7,56.5,56.1
NTLOC_114,NGADUMIYERRKA,2,55.8,55.5,42.4,41.9,32.3,31.8,58.1,57.7,48.2,47.8
NTLOC_115,NGANGALALA,2,67.0,66.6,39.6,39.0,42.2,41.6,23.1,22.7,46.4,45.9
NTLOC_116,NGANMARRIYANGA,2,58.8,58.4,17.0,16.5,60.3,59.7,58.1,57.7,48.5,48.0
NTLOC_117,NGAYAWILLI,3,71.3,71.0,39.6,39.0,42.2,41.6,23.1,22.7,47.9,47.5
NTLOC_118,NGUKURR,3,56.1,55.8,63.0,62.4,60.3,59.7,58.1,57.7,59.0,58.6
NTLOC_119,NTAKARRA,2,53.2,52.9,62.1,61.5,60.3,59.7,58.1,57.7,57.8,57.4
NTLOC_120,NTURIYA,1,62.8,62.5,23.4,22.9,60.3,59.7,58.1,57.7,51.5,51.1
NTLOC_121,NUMBULWAR,3,49.6,49.3,63.0,62.4,60.3,59.7,58.1,57.7,56.8,56.3
NTLOC_122,ORMISTON RANGER STATION,1,26.2,25.9,62.1,61.5,60.3,59.7,58.1,57.7,48.4,47.9
NTLOC_123,PAPUNYA,2,67.3,66.9,62.1,61.5,60.3,59.7,58.1,57.7,62.7,62.3
NTLOC_124,PARADISE FARM,1,42.1,41.8,22.1,21.5,45.8,45.3,9.0,8.6,31.2,30.8
NTLOC_125,PARU,3,65.8,65.5,8.7,8.1,60.3,59.7,58.1,57.7,48.9,48.4
NTLOC_126,PAYEPERRENTYE (B),1,60.3,60.0,37.0,36.5,60.3,59.7,58.1,57.7,54.0,53.6
NTLOC_127,PEPPIMENARTI,2,64.2,63.9,17.0,16.5,60.3,59.7,58.1,57.7,50.4,50.0
NTLOC_128,PERTE THERRE,1,44.7,44.3,37.0,36.5,60.3,59.7,58.1,57.7,48.6,48.1
NTLOC_129,PHILLIPSON BORE,1,76.4,76.1,37.0,36.5,60.3,59.7,58.1,57.7,59.7,59.2
NTLOC_130,PINE CREEK,1,50.6,50.2,17.0,16.5,60.3,59.7,58.1,57.7,45.6,45.2
NTLOC_131,PIRLANGIMPI,3,49.6,49.3,8.7,8.1,60.3,59.7,58.1,57.7,43.2,42.8
NTLOC_132,PMARA JUTUNTA,0,44.5,44.2,23.4,22.9,60.3,59.7,58.1,57.7,45.1,44.7
NTLOC_133,RAMINGINING,2,49.3,49.0,39.6,39.0,42.2,41.6,23.1,22.7,40.2,39.8
NTLOC_134,RENNER SPRINGS ROADHOUSE,2,49.6,49.3,78.3,77.8,60.3,59.7,58.1,57.7,60.6,60.2
NTLOC_135,ROBINSON RIVER,3,60.7,60.3,63.0,62.4,60.3,59.7,58.1,57.7,60.6,60.2
NTLOC_136,ROCKHOLE,1,28.7,28.4,44.4,43.9,1.2,0.7,16.8,16.4,24.8,24.3
NTLOC_137,ROSS RIVER RESORT,1,51.9,51.5,37.0,36.5,60.3,59.7,58.1,57.7,51.1,50.6
NTLOC_138,RUTJINGKA,1,51.8,51.4,62.1,61.5,60.3,59.7,58.1,57.7,57.3,56.8
NTLOC_139,SANDY BAY,3,76.0,75.7,73.2,72.7,34.0,33.5,58.1,57.7,63.3,62.9
NTLOC_140,SANTA TERESA,2,57.9,57.6,37.0,36.5,60.3,59.7,58.1,57.7,53.2,52.8
NTLOC_141,STUARTS WELL ROADHOUSE,0,23.7,23.4,37.0,36.5,60.3,59.7,58.1,57.7,41.2,40.8
NTLOC_142,THREEWAYS ROADHOUSE,1,11.9,11.6,78.3,77.8,60.3,59.7,58.1,57.7,47.4,47.0
NTLOC_143,TILMOUTH WELL ROADHOUSE,1,57.0,56.7,23.4,22.9,60.3,59.7,58.1,57.7,49.5,49.1
NTLOC_144,TIMBER CREEK,3,53.1,52.8,71.2,70.6,48.5,47.9,58.1,57.7,57.7,57.2
NTLOC_145,TIPPERARY STATION,1,27.0,26.6,17.0,16.5,60.3,59.7,58.1,57.7,37.4,36.9
NTLOC_146,TITJIKALA,1,48.0,47.7,37.0,36.5,60.3,59.7,58.1,57.7,49.7,49.3
NTLOC_147,TI TREE,0,40.5,40.2,23.4,22.9,60.3,59.7,58.1,57.7,43.7,43.3
NTLOC_148,TJAMANGKURRA,1,50.9,50.6,62.1,61.5,60.3,59.7,58.1,57.7,57.0,56.6
NTLOC_149,TJINTIRTJINTIRPA,2,71.1,70.8,62.1,61.5,60.3,59.7,58.1,57.7,64.1,63.6
NTLOC_150,TNERTE,0,37.4,37.0,37.0,36.5,60.3,59.7,58.1,57.7,46.0,45.6
NTLOC_151,TNYIMIPURTA,2,55.2,54.8,62.1,61.5,60.3,59.7,58.1,57.7,58.5,58.0
NTLOC_152,TOP SPRINGS ROADHOUSE,2,41.0,40.7,71.2,70.6,48.5,47.9,58.1,57.7,53.4,53.0
NTLOC_153,TWETYE (A),1,38.3,38.0,37.0,36.5,60.3,59.7,58.1,57.7,46.3,45.9
NTLOC_154,TWETYE (B),1,39.6,39.3,37.0,36.5,60.3,59.7,58.1,57.7,46.8,46.4
NTLOC_155,TYWENPE (A),0,36.4,36.1,37.0,36.5,60.3,59.7,58.1,57.7,45.7,45.2
NTLOC_156,TYWENPE (C),1,40.6,40.3,37.0,36.5,60.3,59.7,58.1,57.7,47.1,46.7
NTLOC_157,TYWENPE (D),1,41.9,41.6,37.0,36.5,60.3,59.7,58.1,57.7,47.6,47.2
NTLOC_158,ULAMBARA,2,78.3,78.0,62.1,61.5,60.3,59.7,58.1,57.7,66.6,66.2
NTLOC_159,ULPANYALI,1,47.3,47.0,76.8,76.2,36.5,36.0,58.1,57.7,54.7,54.2
NTLOC_160,ULPUNDA,1,45.6,45.3,62.1,61.5,60.3,59.7,58.1,57.7,55.1,54.7
NTLOC_161,UMBAKUMBA,2,58.8,58.4,42.4,41.9,32.3,31.8,58.1,57.7,49.2,48.8
NTLOC_162,UNDOOLYA BORE,1,46.4,46.1,37.0,36.5,60.3,59.7,58.1,57.7,49.2,48.7
NTLOC_163,VICTORIA RIVER ROADHOUSE,3,57.7,57.4,71.2,70.6,48.5,47.9,58.1,57.7,59.3,58.9
NTLOC_164,WADEYE,2,48.4,48.1,47.1,46.5,1.4,0.9,58.1,57.7,40.6,40.2
NTLOC_165,WAKURLPU,1,38.4,38.0,78.3,77.8,60.3,59.7,58.1,57.7,56.7,56.2
NTLOC_166,WALKER CREEK,1,14.9,14.5,22.1,21.5,45.8,45.3,9.0,8.6,21.7,21.2
NTLOC_167,WALLACE ROCKHOLE,2,41.5,41.2,62.1,61.5,60.3,59.7,58.1,57.7,53.7,53.3
NTLOC_168,WANGI FALLS,1,26.4,26.0,22.1,21.5,45.8,45.3,9.0,8.6,25.7,25.3
NTLOC_169,WANMARRA,1,32.0,31.6,76.8,76.2,36.5,36.0,58.1,57.7,49.3,48.8
NTLOC_170,WARRUWI,4,61.3,61.0,73.2,72.7,34.0,33.5,58.1,57.7,58.2,57.8
NTLOC_171,WARUMPI,2,74.3,74.0,62.1,61.5,60.3,59.7,58.1,57.7,65.2,64.8
NTLOC_172,WATARU,2,69.0,68.6,76.8,76.2,36.5,36.0,58.1,57.7,62.3,61.8
NTLOC_173,WEEMOL,2,73.0,72.7,53.8,53.2,39.0,38.5,58.1,57.7,58.4,58.0
NTLOC_174,WIITIN,2,40.0,39.7,78.3,77.8,60.3,59.7,58.1,57.7,57.3,56.8
NTLOC_175,WILGI,4,93.3,93.0,73.2,72.7,34.0,33.5,58.1,57.7,69.4,69.0
NTLOC_176,WOLLOGORANG,3,72.8,72.5,63.0,62.4,60.3,59.7,58.1,57.7,64.9,64.5
NTLOC_177,WUNARA,2,54.1,53.8,78.3,77.8,60.3,59.7,58.1,57.7,62.2,61.8
NTLOC_178,WURLBU,3,70.5,70.1,63.0,62.4,60.3,59.7,58.1,57.7,64.1,63.6
NTLOC_179,WURRUMIYANGA,3,56.1,55.8,8.7,8.1,60.3,59.7,58.1,57.7,45.5,45.0
NTLOC_180,WYCLIFFE WELL,1,28.1,27.8,78.3,77.8,60.3,59.7,58.1,57.7,53.1,52.7
NTLOC_181,YANUNGBI,2,41.3,41.0,39.6,39.0,42.2,41.6,23.1,22.7,37.4,37.0
NTLOC_182,YARRALIN,3,42.9,42.6,71.2,70.6,48.5,47.9,58.1,57.7,54.1,53.7
NTLOC_183,YARTALU YARTALU,2,60.5,60.2,62.1,61.5,60.3,59.7,58.1,57.7,60.4,59.9
NTLOC_184,YATHALAMARRA,2,64.8,64.5,39.6,39.0,42.2,41.6,23.1,22.7,45.6,45.2
NTLOC_185,YIRRKALA,1,21.3,21.0,39.6,39.0,42.2,41.6,23.1,22.7,30.4,30.0
NTLOC_186,YUDUYUDU,1,37.9,37.6,39.6,39.0,42.2,41.6,23.1,22.7,36.2,35.8
NTLOC_187,YUENDUMU,1,60.5,60.1,23.4,22.9,60.3,59.7,58.1,57.7,50.7,50.2
NTLOC_188,YULARA,1,21.6,21.2,76.8,76.2,36.5,36.0,58.1,57.7,45.7,45.2
